"PLANET_CODE"|"Planet_name"|"STAR_KEY"|"RELATIVE MASS"|"Density"|"Radius (Earth)"|"Type Of Terrain"|"Type_climate"
1|"Vortexara Kappa"|3989|2,93|1,179|1,35|"rock arche:valley:jungle:field"|"hot:temperate:artificial temperate"
2|"Vortexara Gamma"|3989|5,91|1,148|1,73|"lakes"|"frozen:humid"
3|"Nova Cascade Typhonian"|1940|1,15|1,02|1,04|"bog:cliff:rocky canyon:ice canyon:city:tundra:savanna:lakes"|"artificial temperate:frozen:artic:humid:hot:temperate"
4|"Samurai's Ember XXIII"|6295|0,85|1,063|0,93|"cityscape:plain"|"subartic:frigid:artic:superheated"
5|"Poerava Sigma"|7370|8,61|0,82|2,19|"canyons:urban:vine:toxic cloudsea"|"artificial temperate:subartic:tropical:artic:temperate"
6|"Poerava Psi"|7370|4,47|1,452|1,45|"forest:ocean:toxic cloudsea:rainforest:city:sinkholes:vine:rocky canyon:cave"|"artic:superheated:tropical:hot:frozen:artificial temperate"
7|"Caph III"|1288|0,77|0,743|1,01|"savanna:desert"|"tropical:subartic:hot"
8|"Starglow Spectra Duodecimal"|8600|2,94|0,828|1,53|"volcano"|"arid"
9|"Xamidimura San"|6205|9,52|1,227|1,98|"forest:scrubland:lava river"|"arid:rocky"
10|"Xamidimura Yi"|6205|1,49|0,756|1,25|"grassy hill:sinkholes:tundra:savanna:acid pool"|"artificial temperate:humid:hot:subartic"
11|"Xamidimura Si"|6205|3,43|0,525|1,87|"lakes"|"frozen:temperate:frigid:tropical"
12|"Ryusei Gaian"|9996|0,8|1,064|0,91|"fungus forest:glacier:urban:tundra:jungle:ice cave:sea:grassy hill"|"subartic:frigid:artificial temperate:windy:superheated:tropical"
13|"Ryusei Gaios"|9996|1,42|1,329|1,02|"reef:acid pool"|"arid:hot:temperate"
14|"Heliconian Mirage Wu"|7157|3,53|0,781|1,65|"lakes"|"hot:subartic:superheated"
15|"Heliconian Mirage Si"|7157|1,53|1,434|1,02|"rocky island:jungle:fungus forest"|"temperate:frigid:artificial temperate:tropical"
16|"Heliconian Mirage Liu"|7157|1,54|0,712|1,29|"lakes"|"arid:hot"
17|"Koeia Titanos"|7533|2,93|0,97|1,45|"forest:rock arche:sea:plateau:cave"|"subartic:superheated:hot:frozen:temperate"
18|"Botein III"|758|1,55|0,788|1,25|"plain"|"rocky:arid:windy:subartic:hot"
19|"Yurei Celestial Faunios"|2416|7,95|1,29|1,83|"rocky island"|"frigid:subartic:artificial temperate:humid"
20|"Nebula Mirage XVII"|3677|3,12|0,936|1,49|"verdant:cave:rock arche:glacier:rocky island"|"artic:rocky:frozen"
21|"Nebula Mirage I"|3677|6,29|0,995|1,85|"field:volcano:jungle"|"arid:artificial temperate:frigid:tropical:rocky:artic:windy"
22|"Alula Borealis V"|2093|1,11|0,913|1,07|"tundra:swamp:ash:island:acid pool:rainforest:forest:plain:lakes"|"subartic:superheated:frozen:hot:arid:tropical"
23|"Beemim Secant"|9015|1,65|0,954|1,2|"tundra:barren"|"arid:subartic"
24|"Beemim Prime"|9015|7,65|1,104|1,91|"rock arche"|"hot:frozen:artic:temperate"
25|"Merope Quintal"|4146|2,19|1,318|1,18|"valley:island:sea"|"frigid:windy:tropical:temperate:artic"
26|"Merope Octal"|4146|1,55|1,346|1,05|"rock arche:hill:jungle"|"subartic:frigid:tropical:temperate"
27|"Tarazed Sirenios"|7885|1,67|0,85|1,25|"cliff:toxic cloudsea:hill"|"subartic:frozen:tropical"
28|"Nebulion VI"|7503|2,46|1,47|1,19|"savanna:grassy hill:ice cave:forest"|"subartic:temperate:rocky:frigid:tropical:windy:frozen"
29|"Nebulion VII"|7503|1,6|0,972|1,18|"vine:mountain:cave:forest:grassy hill:sea"|"temperate:arid:artificial temperate:frigid"
30|"Bastet's Mirage Faunios"|9259|1,14|1,199|0,98|"verdant:rocky island:rocky desert:glacier:tundra:acid pool"|"temperate:artificial temperate:humid:frozen"
31|"Comet Shroud Xi"|9405|7,41|1,1|1,89|"field:river"|"rocky:artic:artificial temperate:temperate"
32|"Comet Shroud Theta"|9405|1,65|0,958|1,2|"verdant:field:valley"|"frozen:tropical:superheated:artic:windy"
33|"Comet Shroud Upsilon"|9405|0,56|1,284|0,76|"grassy hill:valley"|"temperate:artic:arid:subartic:hot:frozen"
34|"Frostbloom Selenean"|503|4,39|1,101|1,59|"canyons:field:cave:rocky island"|"superheated:frozen:temperate"
35|"Bubup Yi"|4947|4,33|0,901|1,69|"verdant:acid pool:forest"|"humid:artificial temperate:subartic:superheated"
36|"Arcanix Centaurios"|8382|2,55|0,664|1,57|"jungle:grassland:volcano:grassy hill"|"humid:frigid:frozen:hot:superheated:artic"
37|"Kurhah Harpian"|9014|1,75|1,304|NA|"hill:canyons"|"humid:subartic:rocky:arid"
38|"Almaaz VI"|1614|1,95|1,059|1,23|"canyons:plain"|"windy:subartic:artic:hot:artificial temperate"
39|"Almaaz XVI"|1614|0,6|0,972|0,85|"mountain:plain:urban:lava river"|"rocky:humid:arid"
40|"Almaaz XII"|1614|7,82|0,881|2,07|"rock arche:jungle:vine:rocky canyon:reef"|"hot:frigid:artic:artificial temperate:windy"
41|"Penumbrion Wu"|1328|2,1|1,041|1,26|"lakes"|"windy:frozen"
42|"Penumbrion Si"|1328|5,8|1,172|NA|"rocky island:ice cave:desert"|"frigid:humid:hot:artic:windy:subartic"
43|"Astrophia Janusian"|2930|2,28|1,408|1,17|"rocky canyon:cliff"|"frigid:artificial temperate:artic"
44|"Spectrion Hecatean"|4070|7,04|0,835|2,04|"cliff"|"humid:arid:artificial temperate"
45|"Bharani Delta"|7426|2,53|1,373|1,23|"reef:cityscape:ash:rocky island:canyons:grassy hill:plateau:sea:verdant:valley:volcano"|"superheated:humid:arid:subartic:artic:tropical:rocky"
46|"Bharani Gamma"|7426|2,86|1,041|1,4|"bog:mountain:island:canyons:city:forest:lava river:river:ice canyon"|"frozen:tropical:artic:rocky:superheated:artificial temperate"
47|"Astroflux Phi"|6041|2,16|1,293|1,19|"grassy hill:mountain"|"artificial temperate:tropical:windy:rocky"
48|"Astroflux Upsilon"|6041|2,73|0,992|1,4|"savanna:urban:barren"|"tropical:windy:rocky:arid"
49|"Arkab Prior Irisian"|9453|2,11|0,862|1,35|"rocky desert"|"frozen"
50|"Arkab Prior Dionian"|9453|1,73|1,414|1,07|"grassy hill:volcano:forest:cityscape:toxic cloudsea:valley"|"frigid:tropical:humid:temperate:hot:artic"
51|"Arkab Prior Pantheon"|9453|1,46|1,438|1,01|"jungle:rocky canyon:rainforest:toxic cloudsea:acid pool:sea"|"temperate:frigid:superheated:artic"
52|"Isis Threshold Eta"|9716|1,62|0,891|1,22|"cityscape:island:sea:volcano:urban:field"|"subartic:artificial temperate:rocky:superheated"
53|"Galactic Prism VIII"|9049|3,93|0,839|1,67|"sea:rocky island:island"|"artic:humid"
54|"Galactic Prism IX"|9049|5,02|1,049|1,69|"plain:city:cave:desert:volcano:cliff"|"temperate:superheated:artificial temperate:subartic"
55|"Antares Nonal"|9665|2,25|0,87|1,37|"bog:cityscape"|"frozen:subartic:artificial temperate:rocky:temperate"
56|"Aludra Quartal"|8436|7,46|0,855|2,06|"rocky island:jungle:vine:grassland"|"artificial temperate:humid:temperate"
57|"Aludra Sextant"|8436|4,31|1,232|1,52|"rocky island:hill:urban"|"frozen:artic:windy:rocky:hot"
58|"Aludra Nonal"|8436|0,75|0,816|0,97|"lava river:plateau:forest:grassland:reef"|"tropical:artic:arid:windy:subartic:temperate"
59|"Denebola Olympus"|8783|2,3|1,13|1,27|"rocky island:rocky canyon:tundra:rainforest:lakes"|"superheated:artificial temperate:rocky:tropical"
60|"Muliphein XIX"|8262|3,21|1,048|1,45|"bog:grassland:river"|"superheated:artic:temperate:arid"
61|"Berserkr XVIII"|9163|9,12|0,993|2,09|"acid pool"|"subartic:artic:superheated:arid:rocky"
62|"Tupã San"|796|2,17|1,149|1,24|"cave:mountain:plateau:jungle"|"subartic:rocky:temperate:hot:windy"
63|"Astrolithium III"|1854|6,94|0,949|1,94|"forest:volcano:reef:island:grassland:rocky desert"|"superheated:rocky:windy:humid:frozen:artic:frigid"
64|"Astrolithium IV"|1854|6,83|1,034|1,88|"ice canyon:fungus forest:lakes:grassy hill:canyons:mountain:reef"|"artificial temperate:humid:artic:frigid:subartic"
65|"Albali II"|1633|6,5|1,051|1,84|"valley"|"windy:artificial temperate:subartic:humid"
66|"Ukiyo's Resonance XVI"|3061|3,49|0,969|1,53|"forest"|"humid:windy:rocky"
67|"Phecda Nonal"|7067|1,2|1,08|1,04|"rainforest:sinkholes:plain"|"superheated:frigid:humid"
68|"Phecda Decimal"|7067|0,97|0,827|1,05|"savanna:grassy hill:rocky desert"|"artic:windy:hot"
69|"Phecda Undecimal"|7067|0,84|1,052|0,93|"lakes:forest:acid pool:ash:field:grassland"|"hot:humid:superheated:windy:temperate"
70|"Zypheron XVII"|5067|2,29|0,74|1,46|"rocky desert"|"tropical:windy:superheated:humid:artic:hot:subartic"
71|"Zypheron XIII"|5067|2,22|1,236|1,22|"plain:lakes:rocky desert:urban:toxic cloudsea:grassy hill"|"rocky:frozen:artificial temperate:artic"
72|"Zypheron XI"|5067|2,59|1,228|1,28|"verdant:hill"|"windy:arid:superheated"
73|"Tesserion San"|8131|0,89|0,715|1,08|"rocky canyon:ash:reef:savanna:field"|"superheated:temperate:humid:arid"
74|"Tesserion Shi"|8131|2,73|1,286|1,29|"urban:plateau:lakes:lava river:sinkholes:field"|"arid:tropical:artic:humid:superheated:frozen"
75|"Celestial Ember Duodecimal"|3789|4,83|1,377|1,52|"mountain:volcano:cave:city:river:rocky desert"|"frozen:windy:rocky:frigid:superheated"
76|"Celestial Ember Septimal"|3277|2,04|0,765|1,39|"cave"|"humid:superheated:hot:frozen"
77|"Alshain Nymphios"|14|1,5|0,879|1,2|"hill"|"rocky:artificial temperate:subartic"
78|"Alshain Hestian"|14|7,63|1,194|1,86|"mountain:rocky island:lakes"|"rocky:tropical:temperate:hot"
79|"Alshain Astraeos"|14|3,07|0,675|1,66|"mountain:cave:fungus forest:river"|"windy:frigid:humid:temperate:artic"
80|"Celestial Serenity Qi"|8852|2,14|0,773|1,4|"island:verdant:ocean"|"artic:humid"
81|"Helionis Orphean"|7206|3,02|0,492|1,83|"lakes:ice cave:rainforest:island:jungle:sinkholes"|"artificial temperate:frozen:subartic:superheated:windy"
82|"Sora Seraph Eta"|4023|0,63|1,229|0,8|"canyons"|"temperate:humid"
83|"Sora Seraph Chi"|8491|1,22|0,719|1,19|"cave"|"frozen:tropical:windy"
84|"Sora Seraph Kappa"|5974|2,12|0,922|1,32|"sea:ash:verdant:river"|"frozen:superheated:temperate:rocky:tropical:artificial temperate"
85|"Acamar Phi"|5559|6,14|1,161|1,74|"ash:plain:sinkholes:sea:cave:verdant"|"arid:subartic:hot:frigid"
86|"Acamar Kappa"|5559|NA|0,749|1,27|"valley:ice cave:mountain:sea:cave"|"artic:windy:temperate:tropical"
87|"Praecipua Museios"|4011|7,52|0,565|NA|"rocky canyon"|"arid:hot:superheated:frozen:artic:artificial temperate"
88|"Liesma I"|2776|6,11|1,107|1,77|"ocean:desert:glacier:rocky desert:cave:urban:forest:plateau"|"superheated:frozen:subartic:hot:artificial temperate:tropical"
89|"Liesma XV"|2776|7,22|0,773|2,11|"rainforest:forest:field:cliff:ash:jungle:glacier:city:fungus forest"|"arid:subartic:temperate:hot:artificial temperate:superheated"
90|"Liesma XVI"|2776|3,4|0,765|1,64|"tundra:plateau:rocky desert"|"frigid:artic"
91|"Frostbeard Artemian"|2795|1,12|1,121|NA|"volcano:scrubland:sea"|"temperate:tropical:subartic:arid"
92|"Wurren XVII"|709|1,22|1,341|0,97|"ice cave:glacier"|"frigid"
93|"Larawag Ba"|836|0,91|1,015|0,96|"fungus forest:glacier"|"artificial temperate:rocky:hot:subartic:arid:tropical"
94|"Castula Yi"|8542|2,28|0,777|1,43|"ocean:cave:bog"|"subartic:tropical:frigid:windy:frozen"
95|"Ebon Cosmos Secant"|183|8,4|0,72|2,27|"ocean:canyons:rocky canyon:grassy hill:city:grassland:cliff:urban:reef"|"temperate:frigid:frozen:hot:tropical:rocky"
96|"Ebon Cosmos Undecimal"|183|5,86|1,11|1,74|"rocky island:cliff:plain:rocky canyon:mountain"|"artificial temperate:tropical:temperate:humid:windy:superheated:arid"
97|"Cosmosis Sigma"|427|1,47|0,605|1,34|"ocean:hill:rock arche"|"temperate:frigid:artificial temperate:windy"
98|"Cosmosis Theta"|427|2,76|1,35|1,27|"valley:glacier:lakes"|"subartic:humid:rocky"
99|"Riftwarder Si"|9133|2,86|1,052|1,4|"ice cave:ice canyon:vine"|"artificial temperate:frigid:frozen:subartic"
100|"Riftwarder Qi"|9133|1,24|0,73|1,19|"bog:valley:rocky canyon:plateau"|"windy:artificial temperate:subartic:superheated:tropical"
101|"Riftwarder Ba"|9133|NA|1,108|1,86|"valley:ice cave:scrubland:verdant"|"artic:frozen:arid"
102|"Montuno Hadean"|8174|4,74|0,783|1,82|"desert:hill"|"superheated:frozen:temperate:hot:windy"
103|"Obelisk Shadows XXIII"|5749|7,88|0,635|2,31|"vine:rock arche:lakes:island:desert"|"superheated:artificial temperate:hot:windy"
104|"Icewind X"|8271|1,64|0,774|1,28|"island:mountain"|"subartic:artificial temperate:humid"
105|"Etherion Nemesisian"|9874|3,05|1,058|1,42|"fungus forest:jungle:cave:jungle:plateau"|"rocky:frozen:arid:tropical:hot"
106|"Etherion Hadean"|9874|0,87|0,973|0,96|"rainforest:ocean:forest:rocky canyon"|"tropical:frigid:temperate:rocky"
107|"Kitalpha Poseidian"|2261|1,04|1,193|0,96|"verdant:toxic cloudsea"|"temperate:arid:frozen:artificial temperate:humid"
108|"Kitalpha Hadean"|2261|NA|1,198|1,58|"valley:ice cave"|"frigid"
109|"Mpingo IX"|6411|1,99|0,807|1,35|"rainforest:mountain:field"|"windy:tropical:frigid"
110|"Mpingo XXII"|6411|8,01|0,665|2,29|"ice canyon:jungle:cave:grassland:island:glacier"|"humid:temperate:tropical:frigid"
111|"Sakura's Silence Septimal"|7148|7,16|1,268|1,78|"plateau:lakes"|"windy:temperate:frozen:artic"
112|"Quantumara Si"|4358|1,38|0,856|1,17|"plateau"|"temperate:rocky:artic:frozen"
113|"Paikauhale Decimal"|4085|3,44|0,782|1,64|"barren"|"arid:tropical:windy:frigid:frozen:artic"
114|"Paikauhale Tertial"|4085|1,04|1,01|1,01|"urban:city:vine:savanna:jungle:river:verdant:swamp"|"hot:tropical:humid:arid:artificial temperate"
115|"Tuiren Quintal"|3461|1,28|0,891|1,13|"hill:grassland:lava river:ice canyon:rocky canyon"|"temperate:frigid:windy:arid:artic"
116|"Scarabian Cosmos IX"|2935|0,97|0,538|1,22|"valley"|"frozen:artic"
117|"Fawaris VI"|6498|1,8|1,005|1,21|"ice canyon"|"artic:frigid:subartic"
118|"Fawaris XVI"|6498|6,98|0,994|1,91|"lakes:reef:ice canyon:verdant"|"hot:artificial temperate:frozen"
119|"Fawaris XXI"|6498|1,52|1,079|1,12|"city:sea:canyons:reef:lava river:swamp:valley"|"artic:subartic:artificial temperate:humid:hot:frigid"
120|"Celestara Decimal"|9476|1,65|0,846|NA|"urban:sea:river:swamp:grassland"|"humid:rocky:frigid:artic"
121|"Celestara Septimal"|9476|0,77|0,884|0,95|"mountain:plain:river:ocean:lakes:verdant"|"superheated:subartic:rocky:temperate:artic"
122|"Titanium Enigma Rho"|3366|2,78|0,8|1,51|"desert:city:plain:verdant:ocean"|"frigid:frozen:superheated"
123|"Titanium Enigma Epsilon"|3366|2,38|1,208|1,25|"rocky island:forest:desert:vine:cave:canyons:grassy hill:reef"|"rocky:humid:temperate:arid:tropical"
124|"Titanium Enigma Phi"|3366|2,63|1,469|1,21|"verdant:island"|"temperate"
125|"Aetherion Tertial"|990|1,05|1,03|1,01|"urban:rainforest"|"tropical"
126|"Quasar Nova Cerberian"|744|7,81|1,118|1,91|"rock arche:plain"|"rocky:hot:frigid:windy:frozen:tropical"
127|"Quasar Nova Museios"|744|4,42|0,732|1,82|"mountain"|"frozen:hot:superheated:arid"
128|"Quasar Nova Nyxios"|744|1,45|1,06|1,11|"sinkholes"|"hot:temperate:tropical"
129|"Saclateni Kappa"|7417|5,62|1,543|1,54|"desert:city"|"arid:superheated"
130|"Umi Expanse Shi"|4600|NA|1,339|1,45|"savanna"|"windy:arid:artificial temperate:rocky:tropical"
131|"Umi Expanse Ba"|4600|7,25|1,169|1,84|"rock arche:reef:jungle:river"|"windy:hot:subartic:artificial temperate"
132|"Umi Expanse Qi"|4600|2,59|1,051|1,35|"glacier:rocky desert:city:cliff:valley"|"artic:windy:subartic:frozen"
133|"Proxima Centauri Asclepian"|9747|4,27|1,003|1,62|"river:cityscape:tundra:jungle"|"rocky:hot:artificial temperate"
134|"Proxima Centauri Morphean"|9747|5,21|1,052|1,7|"barren:vine:lakes:bog:river:rock arche:mountain"|"frigid:arid:humid:hot:artificial temperate:frozen"
135|"Proxima Centauri Olympios"|9747|5,37|1,365|1,58|"rocky desert:plain:reef:verdant:canyons:valley"|"tropical:humid:artic:hot:arid"
136|"Alrescha V"|125|1,88|0,931|NA|"ocean:field:rocky canyon:desert:vine"|"superheated:temperate:windy:hot"
137|"Fomalhaut Liu"|1171|0,5|1,135|0,76|"barren:rocky canyon"|"arid"
138|"Fomalhaut Er"|1171|8,1|0,979|2,02|"volcano"|"arid:windy:subartic"
139|"Heliosys Nereidos"|8640|9,94|0,967|2,17|"rainforest:plain"|"superheated:windy"
140|"Nebula Radiance IX"|5678|0,88|0,895|0,99|"fungus forest:field"|"superheated:tropical:rocky:subartic"
141|"Nebula Radiance XIII"|5678|2,35|0,909|1,37|"field:rainforest"|"tropical:arid:artic"
142|"Nebula Radiance XXII"|5678|7,61|0,865|2,06|"island:field:rainforest:swamp:cityscape"|"artic:humid:frigid"
143|"Astrylis Aetherios"|8864|1,84|0,673|1,4|"hill:ash"|"superheated:artificial temperate:tropical:humid"
144|"Alnasl Echoian"|9279|1,84|1,252|1,14|"mountain:rainforest:ocean:verdant:lakes"|"tropical:arid:humid"
145|"Inazuma Shadows I"|7367|2,76|1,463|1,24|"rocky canyon:vine:rock arche:canyons:field:cityscape:grassy hill:rocky desert:reef"|"frozen:subartic:artificial temperate:frigid:rocky:windy:artic"
146|"Photonara Epsilon"|7883|2,1|0,541|1,57|"plateau:volcano:ice cave"|"artificial temperate:frozen:temperate:hot:subartic:arid:frigid"
147|"Photonara Psi"|7883|1,57|0,898|1,2|"urban:jungle:cityscape:grassland:rock arche"|"rocky:tropical:humid"
148|"Sekhmet's Resonance San"|8859|1,43|1,043|1,11|"sea"|"humid:frigid:tropical"
149|"Cosmosol Undecimal"|2799|6,12|1,476|1,61|"volcano:forest"|"superheated:arid:frozen:rocky:humid:artificial temperate:temperate"
150|"Inazuma XXI"|3682|4,78|0,797|1,82|"hill"|"temperate:humid:frigid:rocky:subartic"
151|"Inazuma XXIV"|3682|1,52|1,394|1,03|"plateau:scrubland:ice cave"|"arid:temperate:subartic"
152|"Inazuma XI"|3682|0,43|0,833|0,8|"acid pool"|"subartic:superheated:rocky"
153|"Tōku Echoes San"|2314|7,27|1,638|1,64|"canyons:rainforest:ice cave"|"tropical:frigid:artic:rocky"
154|"Tōku Echoes Ba"|2314|2,8|0,728|1,57|"valley:field:verdant:hill:river:scrubland"|"frigid:temperate:frozen:arid:hot:windy"
155|"Hannya's Expanse Duodecimal"|8061|5,41|0,684|1,99|"hill:island:sea"|"arid:hot:tropical"
156|"Hannya's Expanse Vigesimal"|8061|5,4|1,24|1,63|"island:rocky island:savanna:ocean:scrubland"|"frigid:frozen:arid:rocky"
157|"Ancha XI"|2971|0,61|0,601|1,01|"plateau:jungle:ice canyon:verdant:island"|"temperate:hot:subartic"
158|"Avior VIII"|331|7,04|0,888|1,99|"cityscape"|"artic"
159|"Avior V"|331|1,59|1,469|1,03|"canyons"|"frozen:tropical:temperate:hot:arid:humid"
160|"Frostgale XIII"|6787|0,86|1,224|0,89|"scrubland:jungle:volcano:reef:desert:hill:barren:verdant"|"subartic:frozen:tropical:humid:superheated:arid"
161|"Frostgale IV"|6787|1,1|0,728|1,15|"jungle:valley:lakes:river:bog"|"hot:frigid:humid"
162|"Rastaban Harpian"|5719|0,86|1,283|0,88|"rainforest:ice canyon:barren:swamp:river:canyons"|"temperate:tropical:frozen:arid:artic"
163|"Geisha's Echo XXII"|7319|4,25|0,888|1,69|"sea:plain:rocky canyon"|"artic:artificial temperate:hot:subartic:temperate"
164|"Orion's Echo Pegasusian"|4443|4,71|1,084|1,63|"hill:cave:sea:toxic cloudsea"|"subartic:superheated:temperate:frozen:arid:artic"
165|"Rana Pi"|2978|4,45|0,873|1,72|"savanna:plateau:cave"|"windy:subartic:superheated:artificial temperate"
166|"Rana Theta"|2978|1,73|1,2|1,13|"canyons:rainforest:cliff:tundra:grassy hill:hill:field"|"frozen:subartic:temperate:artificial temperate:humid"
167|"Symbionara Quartal"|2597|3,39|1,171|1,43|"canyons:mountain:field:cave:urban"|"subartic:humid:artificial temperate"
168|"Symbionara Nonal"|2597|1,97|0,902|1,3|"glacier:grassy hill:sea"|"frigid:windy:frozen:superheated:hot"
169|"Torii Beacon Zeta"|7274|1,02|1,072|0,98|"rocky island:scrubland:desert:ash"|"artificial temperate:arid:subartic:rocky:superheated"
170|"Algedi XII"|902|3,39|1,271|1,39|"island:ocean:lava river:jungle:cliff"|"frozen:hot:frigid"
171|"Pulsariax Zephyrian"|9003|3,36|0,943|1,53|"rocky canyon:verdant:canyons"|"subartic:temperate:tropical"
172|"Pulsariax Eosian"|9003|5,21|0,843|1,84|"toxic cloudsea:rainforest:acid pool:verdant:island:hill"|"frozen:arid:frigid:subartic:humid"
173|"Pulsariax Olympios"|9003|2,76|1,072|1,37|"mountain:island:ice cave:river:verdant"|"artic:frozen:frigid"
174|"Kasai XII"|4044|1,7|1,248|1,11|"forest:rocky island:river:lava river:reef:desert"|"arid:frozen:humid:subartic:hot"
175|"Kasai XXI"|4044|6,43|1,252|1,73|"hill:reef"|"arid:windy:tropical"
176|"Kasai XI"|4044|1,37|1,149|1,06|"rocky desert:toxic cloudsea:urban:lakes"|"artificial temperate:frozen:superheated"
177|"Caelus Cipher I"|3990|1,05|0,922|1,04|"cliff:cityscape:valley"|"frozen:arid:windy"
178|"Caelus Cipher V"|3990|NA|1,584|1,58|"plateau:jungle:rocky canyon:glacier:plain"|"humid:subartic:frigid:artificial temperate"
179|"Lich Aphroditos"|1500|4,12|0,614|1,89|"plain:cave:forest:urban:toxic cloudsea:vine"|"artic:windy:artificial temperate:humid:frigid"
180|"Skaldspark Echoian"|2744|8,27|1,37|1,82|"rainforest:rocky canyon:desert"|"hot:tropical"
181|"Darkonium Tertial"|9282|1,08|1,249|0,95|"river:rocky island:grassland"|"frigid:temperate:frozen"
182|"Darkonium Nonal"|9282|1,38|1,342|1,01|"lava river:island:rainforest:cityscape:grassy hill:vine"|"windy:superheated:frigid:rocky:humid:artificial temperate"
183|"Novaflame Pantheon"|3884|6|0,904|1,88|"jungle:vine:urban"|"tropical:temperate:windy"
184|"Cosmic Gaze Astraeos"|3778|3,04|1,505|1,26|"ice cave:cliff:jungle:mountain:ocean:savanna:canyons"|"tropical:superheated:hot:frigid:temperate"
185|"Isis' Celestial Qi"|7011|2,54|1,261|1,26|"acid pool:cityscape:field:lava river:glacier"|"arid:windy:humid:temperate:artificial temperate:artic"
186|"Isis' Celestial Er"|7011|0,4|0,719|0,82|"mountain"|"temperate:artic:arid"
187|"Fang Selenean"|3090|1,2|1,041|1,05|"reef:river:hill:rocky canyon"|"arid:windy:tropical:hot"
188|"Wyrmslayer Beta"|1109|2,17|0,959|1,31|"ash"|"rocky:hot:frigid:humid"
189|"Ran VII"|2713|1,06|0,98|1,03|"sinkholes:toxic cloudsea:sea:rock arche:glacier:ash"|"artic:frozen:artificial temperate:superheated"
190|"Ran II"|2713|5,75|0,948|1,82|"ocean:bog"|"windy:temperate:hot"
191|"Quantronix Cerberian"|401|2,34|1,081|1,29|"swamp:rock arche:ash:mountain:verdant:ocean"|"arid:artificial temperate:humid:hot:artic"
192|"Quantronix Hecatean"|401|0,64|0,802|0,93|"bog:island:cityscape"|"frigid:humid:subartic:superheated"
193|"Titawin Pi"|1518|1,42|0,685|1,28|"cityscape"|"subartic:superheated"
194|"Luminous Nexus Septimal"|844|0,61|0,846|0,9|"acid pool:ocean:cityscape:urban:field:scrubland:barren:tundra"|"arid:tropical:humid:hot:temperate:frozen:frigid"
195|"Lunacraze XXIV"|9602|2,67|0,812|1,49|"tundra:sinkholes"|"hot:windy:frigid"
196|"Fuyue Dionian"|2196|7,11|1,096|1,86|"vine:island"|"temperate:windy:arid:frozen"
197|"Fuyue Sirenios"|2196|7,33|0,784|2,11|"plateau"|"windy:humid:superheated:artificial temperate"
198|"Fuyue Typhonian"|2196|2,94|1,281|1,32|"swamp"|"tropical:artificial temperate:frigid"
199|"Solarflarex X"|8525|1,28|1,21|1,02|"grassy hill:rocky canyon:acid pool:forest:ocean"|"arid:rocky:superheated:artificial temperate"
200|"Solarflarex VII"|8525|4,79|1,211|1,58|"rocky canyon:plateau:tundra:mountain:ocean"|"hot:arid:frigid"
201|"Solarflarex XXIII"|8525|1,76|0,907|1,25|"fungus forest:vine:verdant:sinkholes:ice canyon:ocean:plateau:jungle:island"|"hot:temperate:humid:frigid:artificial temperate:arid"
202|"Tureis Kappa"|9812|6,52|1,217|1,75|"urban:rock arche:cave"|"tropical:artic"
203|"Kaze Horizon Olympus"|5088|0,98|0,613|1,17|"plain:island:urban"|"temperate:arid:artic:rocky"
204|"Aniara Aetherios"|6059|1,97|1,258|1,16|"savanna:city:mountain:plain:jungle"|"artic:subartic:rocky:temperate:humid:superheated"
205|"Aniara Persephonian"|6059|7,34|0,783|2,11|"savanna:verdant:vine:ice canyon:field:jungle"|"artic:hot:arid:subartic:superheated:humid"
206|"Pipoltr Nu"|1907|8,44|1,627|1,73|"urban:rock arche:cliff"|"artic:artificial temperate:windy"
207|"Maasym Upsilon"|3795|3,04|1,177|1,37|"vine:island:city:rocky canyon:desert"|"humid:subartic:arid"
208|"Kasai Ember I"|9732|0,75|0,96|0,92|"jungle:rocky island:plain:lakes:verdant:plateau:ocean"|"humid:tropical:hot:artificial temperate:arid:rocky:artic"
209|"Titanic Mirage Helios"|9880|9,6|0,825|2,27|"volcano:sea:rainforest"|"humid:artic:tropical:arid:artificial temperate"
210|"Ma'at's Celestial Vigesimal"|4810|3,18|0,773|1,6|"plain"|"superheated:artificial temperate:rocky:artic:temperate"
211|"Matar Beta"|8242|5,81|1,086|1,75|"grassy hill:sea:mountain:cliff:rock arche:cave:valley:canyons"|"hot:rocky:tropical:windy:frigid:artic"
212|"Matar Theta"|8242|5,88|0,599|2,14|"grassy hill:lava river:vine:tundra:valley:urban:hill"|"rocky:windy:artic:subartic:tropical:artificial temperate:hot"
213|"Matar Alpha"|8242|0,74|0,972|0,91|"plain"|"rocky:windy:arid"
214|"Haruka San"|4355|5,03|1,07|1,67|"tundra"|"artificial temperate:windy:rocky:superheated:frozen"
215|"Spica Dionian"|5038|2,48|0,833|1,44|"verdant"|"subartic:superheated:windy:rocky"
216|"Spica Zephyrian"|5038|3,8|0,987|1,57|"cave:swamp:jungle:cliff:vine"|"tropical:artificial temperate:superheated"
217|"Spica Sirenios"|5038|7,12|1,479|1,69|"swamp:toxic cloudsea"|"tropical:artic:superheated:temperate:frozen"
218|"Parumleo Aphroditos"|5489|4,05|0,843|1,69|"tundra:rocky canyon:mountain:river:cliff:grassy hill:forest:rocky desert"|"rocky:temperate:subartic:frozen:frigid"
219|"Vortexion Qi"|1209|1,13|1,468|0,92|"valley:river:rocky island:mountain:field"|"windy:artificial temperate:subartic:rocky"
220|"Gomeisa Septimal"|6462|0,95|0,819|1,05|"city:urban"|"artic:windy:subartic:temperate"
221|"Gomeisa Quintal"|6462|1,81|0,82|1,3|"plain:cityscape"|"arid"
222|"Vortexian Echoian"|3083|NA|0,842|1,69|"forest"|"rocky:windy"
223|"Petra Er"|1887|0,56|0,864|0,87|"ice canyon:grassland:mountain:field:verdant"|"frigid:hot:temperate:arid:superheated:frozen:artificial temperate"
224|"Runeblade X"|3714|1,2|0,755|1,17|"ice canyon:cliff:rocky desert"|"humid:subartic:artic:frigid:frozen"
225|"Runeblade IV"|3714|0,88|0,734|1,06|"grassland:rocky island:cityscape"|"temperate:humid"
226|"Kaus Australis XI"|9240|2,33|1,181|1,25|"rock arche:ice canyon:city:ice cave:mountain"|"artic:windy:frozen:frigid"
227|"Nefertiti's Nebula Theta"|1622|7,62|0,287|2,98|"rocky desert:sea:savanna:valley"|"artificial temperate:frozen:hot:humid"
228|"Kaminari Enigma Septimal"|3824|5,69|0,942|1,82|"ice canyon:river"|"frozen:frigid"
229|"Aldulfin Alpha"|4197|3,11|0,726|1,62|"jungle"|"superheated:tropical:rocky:windy:hot:frigid"
230|"Tapecue San"|7207|6,71|1,346|1,71|"reef:mountain"|"superheated:artic:arid:temperate"
231|"Tapecue Er"|7207|7,9|1,046|1,96|"jungle:grassy hill:cliff:cityscape:canyons:vine:urban:sea"|"tropical:temperate:arid:windy:frigid:rocky"
232|"Eonix Decimal"|301|3,33|1,312|1,36|"rock arche:ice canyon:glacier:lakes"|"tropical:windy:frozen:frigid"
233|"Bastet's Silence Qi"|4625|3,09|1,028|1,44|"field:plateau:tundra:forest:lava river:river"|"frigid:arid:windy:temperate:artic:superheated:frozen"
234|"Bastet's Silence Ba"|4625|3,11|1,748|1,21|"mountain:city:ocean:lava river:volcano:cliff:canyons:valley"|"hot:humid:subartic:rocky:frigid:temperate:superheated"
235|"Alnitak Apollox"|9933|3,04|0,892|1,51|"desert"|"tropical:superheated:frigid"
236|"Unurgunite Tau"|8862|1,56|0,687|1,31|"reef:rainforest:rock arche"|"tropical:artificial temperate:arid"
237|"Alkalurops Decimal"|4006|2,24|1,118|1,26|"jungle:verdant:river"|"temperate:tropical:windy:humid:frozen"
238|"Alkalurops Sextant"|4006|0,43|1,134|0,72|"tundra:city"|"subartic"
239|"Alkalurops Nonal"|4006|1,18|0,632|1,23|"river:mountain"|"rocky:artic"
240|"Tianguan Decimal"|1975|1,13|0,956|1,06|"sea:field:ice canyon:rainforest"|"superheated:windy:artificial temperate:subartic:arid"
241|"Pharaoh's Reverie XIII"|5618|2,64|0,594|1,64|"valley:desert"|"artificial temperate:arid:tropical:frozen"
242|"Thunderpeak Septimal"|3976|2,75|1,319|1,28|"cityscape:ice cave:sea:island:ocean:desert"|"temperate:frigid:arid:artic:humid"
243|"Flegetonte Liu"|9225|1,91|0,618|1,46|"grassland:tundra:lava river"|"arid:rocky:temperate:artic"
244|"Flegetonte Shi"|9225|1,53|1,361|1,04|"desert:toxic cloudsea:urban:swamp:verdant"|"rocky:temperate:superheated:arid:humid:frozen:artic"
245|"Flegetonte Ba"|9225|0,47|1,175|0,74|"hill:city"|"subartic:artic:tropical:humid:hot"
246|"Shinju Serenity Atlasios"|965|NA|1,09|1,88|"rocky canyon:cliff:forest"|"superheated:windy:subartic:artificial temperate:arid"
247|"Illyrian Tau"|2144|2,61|0,874|1,44|"ice canyon:mountain:verdant:acid pool:sea"|"frozen:artificial temperate:subartic:rocky"
248|"Mönch Quartal"|377|NA|0,978|1,01|"toxic cloudsea:savanna:jungle:lakes:grassland"|"arid:humid:frozen:rocky"
249|"Mönch Septimal"|377|6,97|0,92|1,96|"ice canyon:sea"|"superheated:artificial temperate:frigid"
250|"Mönch Decimal"|377|6,93|0,768|2,08|"ice cave:valley:rocky island:city"|"subartic:windy:arid:superheated:artificial temperate"
251|"Ma'at's Cascade Delta"|6536|7,85|0,924|2,04|"valley:ice canyon:cityscape"|"frigid:frozen:subartic:humid:windy:superheated"
252|"Ma'at's Cascade Phi"|6536|NA|0,849|1,08|"savanna:rainforest:cliff:cave:swamp:ash:rocky canyon:rock arche"|"rocky:tropical:hot:subartic:artificial temperate"
253|"Gudja Septimal"|9358|2,27|1,104|1,27|"swamp:ocean:toxic cloudsea:river"|"windy:tropical:artic:frozen:frigid:humid"
254|"Gudja Nonal"|9358|0,87|0,989|0,96|"rock arche"|"superheated:tropical"
255|"Piautos Tritonian"|795|1,14|1,358|0,94|"mountain:rock arche"|"subartic:hot"
256|"Piautos Hermian"|795|1,26|1,666|NA|"lava river:rocky island:forest:valley:lakes"|"windy:frigid:tropical:artificial temperate:frozen:hot"
257|"Bonsai Silence Faunios"|8927|1,68|0,786|1,29|"urban:sinkholes"|"superheated:artic:hot"
258|"Chechia Museios"|3453|0,43|1,255|0,7|"vine:acid pool:bog:island:rainforest:hill"|"humid:artificial temperate:subartic:hot:rocky"
259|"Chechia Nereidos"|3453|0,96|1,227|0,92|"river:savanna:desert"|"frozen:windy:frigid:superheated"
260|"Chechia Gaian"|3453|7,47|0,821|2,09|"jungle:cliff"|"superheated:frigid"
261|"Galacticon Morphean"|8932|3,29|1,108|1,44|"mountain"|"frozen:artic:frigid:humid:temperate:windy"
262|"Keid VII"|2682|9,24|0,988|2,11|"city:sea:river"|"windy:hot:rocky:humid"
263|"Dracoara Hermesios"|7205|NA|1,138|1,26|"verdant:fungus forest:tundra:savanna:city:acid pool:ash:forest"|"temperate:humid:arid:tropical:hot:frozen"
264|"Dracoara Asclepian"|7205|1,99|0,94|1,28|"urban"|"subartic"
265|"Dracoara Janusian"|7205|4,89|1,155|1,62|"city"|"frozen:windy"
266|"Tenshi Echoes San"|4527|NA|1,247|1,16|"lava river:canyons"|"artificial temperate:hot:windy"
267|"Tenshi Echoes Liu"|4527|1,67|0,733|1,32|"verdant"|"frozen:tropical:superheated:subartic:artificial temperate"
268|"Brimwarden Nemesisian"|2274|1,45|0,999|1,13|"hill:city:plain"|"humid:frigid:frozen:artic"
269|"Diphda Nonal"|9024|2,43|1,043|1,33|"river:hill"|"tropical:windy:artic"
270|"Diphda Decimal"|9024|4,98|0,454|2,22|"volcano:acid pool:urban:savanna:plain"|"frigid:tropical:subartic:superheated"
271|"Pharaoh's Veil Quintal"|7626|7,82|1,469|1,75|"grassland:plateau:rock arche"|"humid:rocky:temperate"
272|"Scheat Quartal"|9122|0,72|1,19|0,85|"vine:ice cave:desert:tundra"|"rocky:frozen:artificial temperate:artic:superheated:frigid"
273|"Scheat Undecimal"|9122|1,49|1,107|1,1|"grassland:vine:reef"|"temperate:subartic:frozen"
274|"Tania Borealis Tertial"|9561|5,83|0,874|1,88|"cityscape:hill"|"frigid:hot:artificial temperate"
275|"Tania Borealis Decimal"|9561|NA|1,027|0,72|"bog:plain:ash:ice cave"|"tropical:artificial temperate:hot:frigid"
276|"Tania Borealis Vigesimal"|9561|1,23|1,317|0,98|"mountain:city:jungle:plain"|"humid:artic:temperate"
277|"Arcalís IX"|4519|0,76|0,406|1,23|"savanna:mountain:acid pool:cliff:vine"|"tropical:frozen:artificial temperate:hot"
278|"Arcalís VIII"|4519|9,62|1,419|1,89|"forest:cityscape"|"windy:temperate"
279|"Comet Veil Tau"|1916|5,34|1,221|NA|"ice canyon:urban"|"arid:frozen:artificial temperate:windy"
280|"Samurai's Mirage Shi"|7966|0,54|1,21|0,76|"verdant:river:ice cave:reef:lakes"|"windy:artificial temperate:rocky:artic:subartic"
281|"Electra Secant"|421|0,73|0,961|0,91|"jungle"|"tropical:rocky:superheated"
282|"Electra Undecimal"|421|2,32|1,133|1,27|"city:ash:mountain:lava river:vine:rocky island:island:jungle:sea:field:acid pool"|"frigid:superheated:humid:subartic:tropical:temperate:hot"
283|"Electra Vigesimal"|421|3,43|0,884|1,57|"acid pool"|"arid:hot:superheated"
284|"Quantraflux Omega"|6058|3,47|0,777|1,65|"cliff:river"|"artic:arid:humid:artificial temperate:superheated"
285|"Bibhā Phi"|6541|1,93|1,049|1,23|"acid pool:desert"|"rocky"
286|"Uchū Veil XV"|4517|4,61|1,126|1,6|"ice canyon"|"rocky:artic:humid:hot"
287|"Cujam XX"|6641|NA|1,039|1,08|"sea:glacier:rainforest:plain:toxic cloudsea:cliff:grassy hill:hill"|"tropical:windy:artic:artificial temperate:rocky:frigid"
288|"Cujam V"|6641|2,28|0,902|1,36|"bog:jungle"|"artic:artificial temperate:tropical"
289|"Cryptic Shadows III"|9504|2,2|0,957|1,32|"lakes:hill:reef"|"arid:tropical:windy:rocky:frigid:subartic"
290|"Cryptic Shadows XIII"|9504|3,22|0,692|1,67|"plain:valley:bog"|"humid:frigid:windy"
291|"Ogma Asclepian"|5949|1,15|0,93|1,07|"bog"|"artic:humid:hot"
292|"Ogma Sirenios"|5949|2,61|1,264|1,27|"plateau:bog:grassy hill:desert:jungle:tundra"|"frozen:windy:tropical:subartic:rocky:superheated:hot"
293|"Ogma Oranos"|5949|0,71|1,258|0,83|"sea"|"frigid:rocky"
294|"Solaris Shroud Epsilon"|3102|1,45|0,729|1,26|"rocky island:forest:valley:sea:cliff"|"frozen:subartic:artificial temperate:windy:frigid"
295|"Solaris Shroud Iota"|3102|7,48|1,07|1,91|"rocky desert:savanna:grassland"|"frozen:arid:humid:subartic:artificial temperate:hot"
296|"Naledi Wu"|1200|2,63|0,853|1,46|"field:rock arche:toxic cloudsea"|"windy:frozen:temperate"
297|"Cassionara Decimal"|7222|1,46|0,95|1,15|"glacier:lakes"|"frozen:artificial temperate"
298|"Cor Caroli Nyxios"|176|2,3|1,042|1,3|"plain:valley"|"frozen"
299|"Radiantara XVIII"|1937|1,5|0,917|1,18|"field:island:savanna:jungle:cliff:cityscape:tundra"|"artificial temperate:frozen:humid:tropical:artic"
300|"Radiantara XX"|1937|2,77|0,731|1,56|"cliff:urban"|"artic"
301|"Muspelheim II"|3269|1,28|1,013|1,08|"cliff:field:ash:fungus forest:rocky island:canyons:plain:vine"|"artificial temperate:superheated:hot:temperate:frigid"
302|"Muspelheim XX"|3269|0,83|1,098|0,91|"jungle:sea:river:rocky island:urban"|"subartic:frozen:hot:temperate"
303|"Nikawiy Typhonian"|9243|3,44|0,742|1,67|"ocean:plain:rainforest:jungle:mountain:verdant:swamp"|"hot:artificial temperate:tropical:artic:temperate"
304|"Celaeno Psi"|7465|1,58|1,04|1,15|"ocean:canyons:ice canyon:valley"|"frozen:windy:temperate:tropical"
305|"Celaeno Alpha"|7465|3,03|1,188|1,37|"ocean:river"|"frigid"
306|"Uzumaki Celestial Chimeraean"|5761|2,84|0,861|1,49|"swamp:acid pool:scrubland:volcano:urban:rocky desert:savanna:tundra:rocky island"|"artificial temperate:superheated:tropical:humid:rocky:arid:subartic"
307|"Cervantes Quintal"|8807|1,81|0,781|1,32|"ocean:swamp:reef:desert:cliff:ash:island:city"|"arid:windy:hot:superheated:temperate:humid"
308|"Cervantes Septimal"|8807|2,96|0,872|1,5|"lava river:ice canyon:cliff"|"superheated:frigid:hot:frozen"
309|"Cervantes Undecimal"|8807|3,32|0,699|1,68|"sinkholes:forest"|"frigid:superheated:rocky:subartic:arid:windy"
310|"Adhafera Decimal"|2467|2,62|0,825|1,47|"cityscape"|"tropical"
311|"Adhafera Quartal"|2467|1,32|0,954|1,11|"city"|"artificial temperate:subartic:frozen:superheated:hot"
312|"Spectral Veil Pi"|1127|1,91|1,245|1,15|"island:rocky desert"|"windy:frozen:artificial temperate:tropical:artic"
313|"Spectral Veil Gamma"|1127|1,75|1,066|1,18|"island:reef:rainforest:plateau:jungle"|"tropical:superheated:artificial temperate"
314|"Spectral Veil Sigma"|1127|0,84|1,167|0,9|"rocky canyon"|"subartic:humid:superheated:temperate"
315|"Radiancea Septimal"|1969|3,63|1,229|1,43|"verdant:bog"|"artic:artificial temperate:temperate:rocky:windy:humid"
316|"Radiancea Nonal"|1969|NA|1,229|1,19|"island:rocky desert"|"frigid:arid"
317|"Betelgeuse Omicron"|891|7,84|1,154|1,89|"ash:island"|"superheated:frozen:artificial temperate"
318|"Ombraflux Er"|786|4,75|0,895|1,74|"vine:hill:reef"|"humid:artic:artificial temperate:windy"
319|"Ombraflux Shi"|786|2,37|0,342|1,91|"sea:rocky desert:toxic cloudsea:rainforest"|"frozen:frigid:temperate:tropical"
320|"Uruk XIII"|7643|5,11|0,983|1,73|"ash:rocky canyon:field:rock arche:cave:bog:fungus forest:city:cliff"|"windy:subartic:humid:hot:temperate:frigid:frozen"
321|"Uruk XX"|7643|2,72|1,29|1,28|"sea:desert:lakes:cityscape"|"frigid:windy:artificial temperate:arid"
322|"Uruk XI"|7643|1,91|0,693|1,4|"forest"|"subartic:rocky"
323|"Hawkfire Prime"|841|2,63|1,111|1,33|"island:cityscape"|"artic:subartic:tropical"
324|"Veritate Omega"|1917|1,25|1,269|0,99|"verdant:cave:barren:ice canyon:jungle"|"frozen:subartic:superheated:rocky:arid:artic"
325|"Veritate Psi"|1917|5,06|0,981|1,73|"island:rainforest:barren:lava river"|"frigid:artificial temperate:arid:tropical:windy"
326|"Ecliptix X"|4242|7,12|1,326|1,75|"rocky desert:urban:valley"|"temperate:rocky:frozen:subartic:frigid:artificial temperate"
327|"Stormrider Phi"|7567|4,92|0,476|2,18|"tundra:ice canyon:rock arche:rocky island"|"frozen:artificial temperate:humid"
328|"Cosmaraith Secant"|7152|7,43|1,407|1,74|"lava river:cave:rock arche:mountain:urban:grassland:canyons:bog:ocean"|"artificial temperate:arid:temperate:tropical:frozen:artic"
329|"Alasia Olympios"|3195|1,09|1,311|0,94|"grassland:savanna"|"tropical:temperate"
330|"Starlight Shroud Undecimal"|4269|1,58|0,791|1,26|"cityscape"|"humid:arid:superheated:rocky"
331|"Starlight Shroud Decimal"|4269|5,46|0,902|1,82|"ocean"|"temperate:subartic:frigid:windy"
332|"Starlight Shroud Prime"|4269|9,96|0,875|2,25|"rocky canyon:island:plateau:mountain"|"superheated:artificial temperate:arid:frigid:artic"
333|"Scarabian Horizon I"|7117|0,41|0,876|0,78|"jungle"|"tropical"
334|"Zenithria Jiu"|3215|7,44|1,029|1,93|"jungle:ice canyon:city"|"tropical:subartic"
335|"Zenithria Yi"|3215|2,1|1,096|1,24|"city:canyons:acid pool"|"subartic:hot"
336|"Miaplacidus Si"|4847|1,52|1,134|1,1|"verdant:cave:desert"|"frigid:hot"
337|"Miaplacidus Shi"|4847|1,2|0,87|NA|"tundra"|"frigid:frozen:subartic"
338|"Selene's Whimsy Nemesisian"|9414|5,33|0,943|1,78|"sea:glacier:rocky island:cave:valley"|"humid:artificial temperate:frozen:subartic"
339|"Sphinx Nebula Quartal"|6595|1,25|0,93|1,1|"rocky desert:toxic cloudsea:forest"|"frozen:humid:artic"
340|"Mjornir III"|4846|1,2|0,861|1,12|"city:island:cave:sea:ice canyon:swamp:reef:rocky desert"|"rocky:humid:artic:temperate:tropical:windy:subartic"
341|"Shinju Nu"|4938|4,96|1,108|1,65|"hill:ice canyon"|"subartic"
342|"Shinju Eta"|4938|1,55|1,043|1,14|"tundra:urban:jungle:fungus forest:city"|"windy:arid:hot:humid:subartic"
343|"Dracothra XV"|1398|8,36|1,072|1,98|"grassy hill:lakes"|"superheated:artificial temperate:artic:temperate:subartic:arid:hot"
344|"Dracothra XXIII"|1398|7,25|1,224|1,81|"jungle:tundra"|"hot:windy:temperate:tropical:subartic:arid"
345|"Unukalhai Atlasios"|2764|5,47|0,966|1,78|"sea:desert:sinkholes:volcano:rocky desert:fungus forest"|"humid:temperate:superheated:hot:frigid:frozen"
346|"Arkab Posterior Artemian"|2906|1,83|0,811|1,31|"ash:mountain:sinkholes:ice canyon:island:cave:bog:reef:rainforest"|"arid:artic:rocky:tropical:windy:humid:superheated"
347|"Infinite Whispers Rho"|117|0,66|0,551|1,06|"ice cave:cliff"|"artificial temperate:windy:hot:temperate:frozen"
348|"Infinite Whispers Lambda"|117|6,58|1,078|1,83|"ice cave:forest:plateau:vine"|"arid:rocky:frozen"
349|"Karaka III"|7219|2,02|1,219|1,18|"barren"|"arid:rocky:windy"
350|"Karaka XIX"|7219|4,19|0,716|1,8|"volcano"|"superheated:artic:frozen"
351|"Karaka XXI"|7219|1,42|0,795|1,21|"city:grassland"|"subartic:frozen:temperate:windy:frigid:hot"
352|"Umbra Veil Ba"|5319|8,06|1,28|1,85|"volcano:rocky island:bog:plateau:sinkholes:ice canyon"|"subartic:humid:artic:arid:superheated"
353|"Umbra Veil Yi"|5319|4,58|1,019|1,65|"tundra:island:sea:urban:rocky canyon:verdant:savanna:ice canyon"|"frigid:artificial temperate:tropical:humid:temperate:frozen"
354|"Atlas Hadean"|2537|4,78|1,133|1,62|"valley:swamp:island"|"rocky:subartic:arid:tropical:superheated"
355|"Celestrium X"|4248|1,68|0,972|1,2|"hill:savanna:rocky desert:glacier:mountain"|"frigid:arid:artic:humid:artificial temperate"
356|"Celestrium XIV"|4248|5,04|1,096|1,66|"grassland"|"frigid:superheated:temperate:hot:artic:windy"
357|"Aspidiske Poseidian"|7874|6,03|0,531|2,25|"cityscape:island:sea:lava river"|"subartic:frozen:artic:superheated:frigid"
358|"Aspidiske Dionian"|7874|6,5|1,574|1,6|"savanna"|"rocky:artificial temperate:arid"
359|"Rasalas XX"|9193|3,3|1,051|1,46|"cityscape:jungle:plain:fungus forest"|"tropical:superheated:subartic:rocky"
360|"Shaula XIV"|1284|5,65|0,846|1,88|"sea:rocky desert:savanna"|"temperate:rocky:humid"
361|"Helixar Nu"|2895|2,2|0,62|NA|"plateau:tundra"|"rocky:artic"
362|"Mirach VIII"|5256|6,48|1,052|1,83|"ice cave:plateau:ice canyon:acid pool:toxic cloudsea:lakes:island"|"artic:frozen:artificial temperate:hot:tropical:superheated"
363|"Whalebone Rho"|7844|3|0,52|1,79|"urban"|"frozen:subartic:rocky:windy:artificial temperate"
364|"Whalebone Mu"|7844|7,03|1,275|1,77|"field"|"hot:subartic:humid"
365|"Minchir Prime"|5400|7,37|0,839|2,06|"ocean:island:rock arche:plain"|"frozen:tropical:frigid:humid:subartic"
366|"Minchir Duodecimal"|5400|3,6|0,993|1,54|"glacier"|"temperate:artificial temperate:subartic:windy:arid"
367|"Cursa III"|1019|2,53|1,161|1,3|"desert"|"temperate:superheated"
368|"Meleph Decimal"|5467|1,84|0,986|1,23|"jungle:rocky canyon:scrubland:ice cave"|"arid:hot:subartic:artic"
369|"Meleph Quartal"|5467|2,41|1|1,34|"verdant:urban:mountain:rainforest:plain"|"tropical:rocky:temperate:frigid:subartic"
370|"Skjoldr Zephyrian"|2656|4,97|1,09|1,66|"swamp:grassland:hill"|"arid:rocky:humid:subartic:frozen"
371|"Kornephoros Demetrian"|8850|1,96|0,832|1,33|"savanna:verdant"|"hot:frozen"
372|"Gienah Morphean"|8160|7,86|1,354|1,8|"ocean"|"arid:frigid"
373|"Sham Titanos"|273|1,48|1,229|1,06|"ocean:savanna:field"|"tropical:artic:arid:frigid"
374|"Elysiumix Zeta"|8608|4,11|0,869|1,68|"rocky island"|"rocky:superheated:humid:hot"
375|"Elysiumix Sigma"|8608|2,27|0,957|1,33|"mountain:bog:valley:city:glacier:reef"|"artificial temperate:artic:frozen:temperate:subartic:frigid"
376|"Thalassa's Shroud Hermian"|595|2,03|1,466|1,11|"cityscape:scrubland:ocean:canyons:plain:valley"|"arid:frozen:subartic:temperate:tropical:windy"
377|"Thalassa's Shroud Zephyrian"|595|2,95|0,92|1,47|"city:island:hill:plain:cliff"|"humid:artic:rocky:tropical:temperate:superheated"
378|"Alphecca Prime"|803|6,59|1,273|1,73|"ocean:rocky desert:jungle:cityscape"|"artic:frigid:windy:humid"
379|"Alphecca Secant"|803|1,78|0,854|1,28|"scrubland:volcano:savanna"|"temperate:frozen:arid:artificial temperate:subartic"
380|"Alphecca Duodecimal"|803|5,11|1,214|1,61|"grassland:rocky island:ice canyon:swamp:river"|"frigid:tropical:artificial temperate:hot:frozen:temperate"
381|"Anser I"|6742|6,18|1,224|1,72|"lava river:rocky canyon"|"superheated:temperate:arid:subartic:hot:frozen"
382|"Anser X"|6742|2,88|0,705|1,6|"savanna:ice canyon"|"hot:subartic:arid"
383|"Anser XVII"|6742|5,58|1,022|1,76|"field"|"tropical:superheated:artic:artificial temperate"
384|"La Superba Ba"|9072|7,39|1,16|1,85|"rocky island"|"temperate"
385|"La Superba Liu"|9072|8,2|1,045|1,99|"savanna:tundra:rocky desert:rocky canyon"|"subartic:arid:frozen"
386|"Frostfang Mu"|1477|2,42|0,887|1,4|"cave:cityscape"|"tropical:arid"
387|"Frostfang Sigma"|1477|2,04|0,904|1,31|"savanna:vine:valley"|"artic:rocky:frigid:subartic"
388|"Frostfang Pi"|1477|1,2|0,86|NA|"forest:barren"|"artic:hot:arid:rocky:frigid:subartic"
389|"Axólotl Omicron"|1885|7,79|1,472|1,74|"field:mountain"|"tropical"
390|"Aljanah Zephyrian"|7467|2,15|0,922|1,33|"plateau:scrubland:sinkholes"|"hot:arid"
391|"Pincoya Helios"|9653|3,28|1,17|1,41|"lakes:urban:ocean:forest"|"subartic:humid:artificial temperate:temperate"
392|"Lunariara Si"|6329|1,78|0,88|1,26|"valley:rocky desert:tundra:lakes:cave"|"frozen:artificial temperate:subartic"
393|"Tsuki's Nebula Ba"|7412|2,84|0,875|1,48|"grassland:rock arche"|"superheated:temperate:artic:arid"
394|"Amun-Ra Mirage XI"|2523|7,58|1,154|NA|"city:bog"|"tropical:frozen:arid:humid:superheated"
395|"Amun-Ra Mirage XIX"|2523|5,12|0,887|1,79|"ocean:valley:vine"|"subartic:superheated:temperate:rocky:frigid:frozen:arid"
396|"Elgafar Museios"|7328|3,91|1,376|1,42|"plain:grassy hill:hill:river"|"frigid:subartic:windy:artic:hot"
397|"Kaveh Omega"|7471|1,42|0,63|1,31|"bog:forest:ice canyon"|"artic:humid:tropical:temperate:rocky"
398|"Kaveh Alpha"|7471|3,74|0,831|1,65|"tundra"|"frozen"
399|"Sakuya Nebula Undecimal"|1608|4,52|0,884|1,72|"rocky island:field:rocky canyon:plateau:vine:fungus forest"|"artic:humid:artificial temperate:frigid:temperate"
400|"Azha Pi"|7952|1,48|1,187|1,08|"island:mountain:ice cave:acid pool:city"|"arid:windy:temperate:rocky:frigid"
401|"Azha Phi"|7952|4,91|0,81|1,82|"hill:grassy hill:desert:jungle:lava river"|"frozen:artificial temperate:artic:frigid:subartic:superheated"
402|"Vortexith Quartal"|9173|7,68|0,654|2,27|"hill:reef:tundra:urban"|"rocky:artic:superheated:humid"
403|"Vortexith Nonal"|9173|3,13|1,178|1,38|"mountain"|"windy"
404|"Vortexith Septimal"|9173|1,77|0,82|1,29|"plain"|"superheated:rocky:subartic"
405|"Crimson Void Museios"|6754|4,85|1,314|1,55|"grassy hill:hill:sea:tundra:savanna:cliff"|"subartic:arid:artic:humid"
406|"Chertan Omega"|9923|5,17|1,351|1,56|"grassland:reef:grassy hill:rocky island"|"subartic:windy:artic:humid:tropical:rocky"
407|"Helvetios Si"|7636|4,07|0,977|1,61|"ocean:forest:tundra:grassy hill:bog:fungus forest"|"arid:hot:tropical:windy:subartic"
408|"Inari's Cascade Demetrian"|3986|7,58|0,827|2,09|"mountain"|"artic:arid:rocky"
409|"Ebon Crypt Hecatean"|7919|4,72|0,69|1,9|"island:jungle:reef:sea:canyons:rocky canyon:acid pool"|"humid:hot:rocky:arid:temperate"
410|"Isis' Labyrinth Sirenios"|946|NA|0,94|1,26|"vine:cliff:rocky island"|"rocky:humid:frigid:temperate"
411|"Lurking Whispers Yi"|2226|5,15|1,263|1,6|"savanna"|"temperate:artificial temperate:tropical:artic"
412|"Lurking Whispers Liu"|2226|3,18|1,15|1,4|"volcano"|"windy:subartic:humid:arid"
413|"Mesarthim Vigesimal"|5925|4,21|0,737|1,79|"urban"|"subartic:frigid"
414|"Mesarthim Tertial"|5925|6,79|1,466|1,67|"plateau:scrubland:lava river:fungus forest"|"arid:frigid:hot:windy:frozen"
415|"Mesarthim Quintal"|5925|2,85|1,213|1,33|"island:fungus forest:rocky island:sea:rocky canyon"|"windy:artificial temperate:hot:tropical"
416|"Sadachbia XVI"|8425|2,9|0,957|NA|"city"|"subartic:tropical:humid"
417|"Sadachbia XIV"|8425|1,81|0,944|1,24|"plateau:rock arche:lava river"|"rocky:windy:subartic:superheated"
418|"Sadachbia II"|8425|6,72|0,981|1,9|"jungle:lakes:river:rainforest"|"hot:subartic:windy:superheated:temperate"
419|"Asterion Enigma Eosian"|2125|0,71|0,876|0,93|"cave"|"frozen:artificial temperate:tropical:superheated:humid"
420|"Quantum Quasar Undecimal"|9816|2,31|0,371|1,84|"river:urban:city:jungle:verdant:plain:cliff:desert"|"superheated:tropical:hot:frigid:subartic:windy"
421|"Quantum Quasar Octal"|9816|2,67|1,293|1,27|"rocky desert"|"artic:subartic"
422|"Furud Faunios"|8042|1,73|0,787|1,3|"hill"|"arid:humid:artificial temperate"
423|"Sirius Septimal"|8180|5,32|0,816|1,87|"hill:plateau"|"frozen"
424|"Sirius Quintal"|8180|9,92|0,832|2,28|"plateau:rocky island"|"artificial temperate:tropical:arid"
425|"Torii Celestial Vigesimal"|2006|3,36|1,071|1,46|"rock arche"|"temperate:hot"
426|"Shogun's Loom Prime"|2554|1,21|1,126|1,02|"rocky island"|"rocky"
427|"Shogun's Loom Quintal"|2554|2,95|1,13|1,38|"rocky island:field:plateau:cliff"|"humid:subartic:frigid"
428|"Rapeto Epsilon"|1698|1,61|0,931|NA|"cave"|"frozen:subartic:windy:hot"
429|"Yugure Radiance Nereidos"|9859|1,61|0,787|1,27|"cityscape:sea:ice canyon:hill"|"windy:superheated:frozen:humid:temperate"
430|"Skat V"|4048|2,87|0,848|1,5|"grassy hill"|"humid:tropical:frigid"
431|"Skat XIV"|4048|1,86|0,992|1,23|"bog:verdant:city"|"humid:tropical:subartic:hot"
432|"Skat X"|4048|2,61|1,062|1,35|"city:cityscape:plateau:field:savanna"|"rocky:subartic:superheated:artificial temperate"
433|"Zavijava VI"|8928|0,76|1,115|0,88|"verdant:ice canyon:plain"|"frozen:artificial temperate:windy:hot"
434|"Zavijava XXIV"|8928|2,52|0,91|1,4|"jungle:city:rocky canyon:jungle:acid pool"|"rocky:tropical:superheated:windy:hot"
435|"Mizar XIII"|3486|2,82|1,082|NA|"plain:ocean:cliff:acid pool:rocky desert:tundra:cityscape:toxic cloudsea"|"frigid:frozen:artic:subartic:superheated"
436|"Mizar XVI"|3486|7,76|1,211|1,86|"river:rainforest:acid pool:valley:sea"|"humid:superheated:arid:windy"
437|"Mizar IX"|3486|2,46|1,004|1,35|"rock arche:desert"|"temperate:hot:rocky:frigid:tropical:artic"
438|"Intercrus IX"|4053|5,67|1,401|1,59|"city:volcano:mountain"|"windy:arid:artic:hot:frigid"
439|"Intercrus II"|4053|4,01|0,695|1,79|"toxic cloudsea"|"artic:frigid:frozen"
440|"Intercrus XXIII"|4053|1,54|1,135|1,11|"cliff:rocky desert"|"frozen:artic"
441|"Mahasim XX"|2994|5,89|0,663|2,07|"rock arche:sinkholes:acid pool:cave:hill"|"hot:humid:rocky:tropical"
442|"Cosmoth XXIII"|1754|0,96|1,616|0,84|"lava river:island:rainforest:ocean:jungle:sea:savanna:sinkholes"|"tropical:superheated:windy:artificial temperate:frigid:artic"
443|"Alhena Wu"|9759|5,89|0,959|1,83|"river"|"artificial temperate"
444|"Infinite Iris XIX"|4199|4,14|0,843|1,7|"toxic cloudsea"|"artic:superheated:windy:subartic:artificial temperate"
445|"Infinite Iris XV"|4199|7,46|1,349|1,77|"rock arche"|"hot:subartic"
446|"Infinite Iris V"|4199|7,93|0,638|2,32|"cityscape:valley:verdant:canyons:vine:grassy hill:barren"|"frigid:arid:temperate:subartic:tropical"
447|"Ignitara Theta"|4415|1,91|1,094|1,2|"sea"|"windy:frigid:frozen:rocky"
448|"Ignitara Pi"|4415|7,11|0,669|2,2|"river"|"frigid"
449|"Nebulae Cipher Decimal"|5801|3,3|1,392|1,33|"glacier"|"arid:artificial temperate:subartic"
450|"Nebulae Cipher Vigesimal"|5801|2,22|1,07|1,28|"acid pool:plain:cityscape:vine:rainforest"|"hot:rocky:tropical:frigid"
451|"Zenitharian Aetherios"|561|3,79|0,927|1,6|"hill:desert:mountain:valley"|"rocky:frigid:superheated"
452|"Zenitharian Irisian"|561|5,22|0,97|1,75|"glacier"|"subartic:windy:arid:tropical"
453|"Kōkei Labyrinth Quartal"|5077|1,35|0,592|1,32|"rock arche:canyons:jungle:lava river:reef:urban"|"hot:superheated:artificial temperate:tropical"
454|"Kōkei Labyrinth Secant"|5077|6,16|0,516|2,29|"rocky desert:plain:urban:sinkholes:island"|"tropical:hot:frozen"
455|"Cebalrai Secant"|540|1,28|0,996|1,09|"plain:volcano:city"|"frigid:superheated:humid"
456|"Cebalrai Septimal"|540|8,86|1,34|1,88|"ice canyon:cave:rocky desert:rainforest"|"artificial temperate:tropical:subartic:rocky:frigid:frozen"
457|"Cebalrai Quartal"|540|NA|1,1|1,8|"rock arche:forest"|"subartic:tropical:frozen:hot"
458|"Fumalsamakah Aetherios"|3987|1,79|1,436|1,08|"field"|"artificial temperate"
459|"Fumalsamakah Artemian"|3987|5,8|0,775|1,96|"toxic cloudsea:cave:sea"|"hot:arid:frozen:subartic:superheated"
460|"Fumalsamakah Astraeos"|3987|2,72|1,075|1,36|"field:reef:city:jungle:rocky canyon:lava river:valley:plain:acid pool:rocky desert"|"frozen:superheated:temperate:artificial temperate:subartic:arid:hot"
461|"Alioth XII"|8645|4,99|0,656|1,97|"barren:hill"|"windy:artificial temperate:arid"
462|"Alioth XV"|8645|7,82|1,123|1,91|"savanna:island:city:rocky desert:volcano"|"windy:tropical:temperate:humid:hot"
463|"Alioth XVI"|8645|2,98|1,225|1,34|"bog:ice canyon:sinkholes:hill:rocky canyon:rocky desert:toxic cloudsea"|"subartic:artic:tropical:arid:superheated"
464|"Tsubasa Echoes Er"|4790|1,64|1,358|1,06|"desert:lava river:urban"|"artic:arid"
465|"Toliman Decimal"|1523|2,07|0,813|1,37|"cave:forest:valley:jungle:volcano:cliff:rocky canyon:glacier:acid pool:verdant"|"rocky:arid:artificial temperate:frigid:tropical:hot:frozen"
466|"Toliman Tertial"|1523|1,75|1,108|1,16|"tundra"|"windy"
467|"Ravenshadow Sigma"|9884|0,6|0,737|0,93|"vine:toxic cloudsea:lakes:island:rock arche:rocky desert"|"hot:artic:humid:temperate:frozen:tropical"
468|"Sika Harpian"|63|7,48|0,946|1,99|"field:urban:island"|"superheated:rocky:temperate"
469|"Miram Si"|4986|5,16|0,804|1,86|"cliff:city:river:fungus forest:hill:cave"|"arid:frigid:hot:superheated"
470|"Berehynia Theta"|118|3,19|1,393|1,32|"cityscape:reef:hill:ice canyon:acid pool:cliff:tundra"|"artificial temperate:hot:subartic:frigid:frozen:rocky"
471|"Berehynia Xi"|118|5,65|0,277|2,73|"scrubland:lava river:hill:reef:urban:toxic cloudsea:sea"|"windy:artificial temperate:superheated:arid:tropical:artic:rocky"
472|"Vorpal Abyss Gaian"|6780|4,65|0,86|1,75|"plateau:mountain"|"temperate:tropical:subartic:artificial temperate"
473|"Orionara XX"|5168|7,8|1,276|1,83|"ice canyon:forest:mountain:grassy hill:rock arche"|"frigid:temperate:subartic:humid"
474|"Xuange Apollox"|6903|6,55|1,006|1,87|"plateau:desert"|"humid:temperate:frozen:superheated"
475|"Xuange Herculean"|6903|7,98|1,111|1,93|"mountain:toxic cloudsea:savanna:tundra"|"frozen:rocky:subartic"
476|"Xuange Aphroditos"|6903|7,1|1,099|1,86|"urban:ice cave:glacier:cliff:rock arche"|"frozen:frigid:humid:artificial temperate"
477|"Sakura Mirage Decimal"|3775|1,99|1,173|NA|"plateau"|"artic"
478|"Sakura Mirage Secant"|3775|7,19|1|1,93|"rocky island:bog:ocean:island:plateau:desert"|"tropical:artic:rocky:arid:windy"
479|"Nebulith Duodecimal"|1064|7|1,255|1,77|"river:city:acid pool"|"rocky:windy:tropical"
480|"Kaffaljidhma XVIII"|71|6|0,854|1,92|"rock arche:field:acid pool:swamp:cliff:verdant:lakes"|"tropical:artificial temperate:windy:humid:arid:temperate"
481|"Acubens Demetrian"|7988|8,42|0,859|2,14|"field"|"temperate:subartic:windy:humid"
482|"Acubens Faunios"|7988|7,44|0,909|2,02|"ice cave:plain"|"windy:frozen:rocky:superheated:artic"
483|"Acubens Morphean"|7988|3,63|0,864|1,61|"lakes:cave"|"humid:hot:subartic"
484|"Nebula Nexus Yi"|4995|2,48|0,783|NA|"sea:ice cave:river:cityscape:jungle"|"subartic:humid:hot:frigid:artic"
485|"Nebula Nexus San"|4995|8,36|0,758|2,23|"swamp:lakes:plain:river:sea"|"artic:tropical:superheated:artificial temperate:rocky"
486|"Skybreaker XXIV"|7107|5,56|1,073|1,73|"sea:lakes:fungus forest"|"rocky:hot:frozen:artificial temperate"
487|"Brimstone Prime"|7066|4,23|1,263|1,5|"bog:valley:rocky canyon:lakes:rock arche:fungus forest"|"artificial temperate:temperate:artic:hot"
488|"Komorebi Cascade Pi"|4819|6,85|0,706|2,13|"desert:cliff"|"arid:tropical"
489|"Galactic Ember IV"|7202|2,91|1,105|1,38|"reef:ocean:hill:cityscape:forest"|"tropical:frigid:temperate"
490|"Celestial Echo XV"|3833|2,16|0,686|1,47|"sinkholes"|"superheated:rocky:hot:artic"
491|"Cerulean Cryptic Prime"|5273|6,19|0,897|1,9|"city"|"subartic:superheated:tropical:windy"
492|"Luminous Wraith Yi"|2265|0,78|1,311|0,84|"valley:mountain:rocky desert"|"tropical:artic"
493|"Luminous Wraith Jiu"|2265|9,67|1,325|1,94|"verdant"|"windy:frigid"
494|"Zephyriax Pantheon"|3237|NA|0,84|1,22|"valley:city"|"frozen:superheated:artic"
495|"Shizuku Seraph XIV"|7863|4,74|1,079|1,64|"cave"|"frozen:humid"
496|"Shizuku Seraph XI"|7863|0,88|0,763|1,05|"verdant"|"rocky:temperate:frigid:artic"
497|"Asellus Australis Alpha"|4361|1,17|1,176|1|"ice cave:field:mountain:sea:hill:plateau"|"windy:frozen:humid:rocky:tropical"
498|"Ankh Horizon Quartal"|8528|3,62|0,73|1,71|"cityscape"|"arid:windy:frozen"
499|"Ankh Horizon Sextant"|8528|3,26|1,136|1,42|"ice cave:mountain"|"frigid:subartic:superheated:windy"
500|"Kawa Enigma I"|7255|6,74|0,977|1,9|"field:urban"|"temperate:artificial temperate:arid:artic"
501|"Lysian Nexus Liu"|9195|1,86|1,242|1,14|"sea:rocky desert:glacier:verdant:fungus forest:savanna:tundra:reef"|"tropical:arid:windy:frozen:humid:subartic"
502|"Alula Australis XXIV"|5220|6,62|0,722|2,09|"plateau:jungle:mountain:reef:hill:scrubland:lava river:rocky island"|"artificial temperate:arid:artic:subartic:humid"
503|"Alula Australis I"|5220|5,79|0,828|NA|"plain:toxic cloudsea:jungle:mountain:lakes"|"subartic:frigid:superheated:artic"
504|"Alula Australis II"|5220|2,23|1,27|1,21|"hill:vine:river:barren:ice cave"|"frigid:arid:temperate"
505|"Felixvarela XVI"|2227|6,71|0,74|2,09|"fungus forest"|"tropical:windy"
506|"Alsciaukat Duodecimal"|6266|2,77|1,125|1,35|"cave"|"humid:subartic"
507|"Okab Qi"|5146|8,44|0,701|2,29|"cityscape:lava river:cave:canyons:rocky canyon:savanna"|"artificial temperate:rocky:superheated:subartic:frozen"
508|"Okab Shi"|5146|0,88|0,688|1,09|"hill"|"rocky:tropical:superheated:artificial temperate:frigid"
509|"Lusitânia II"|6659|3,11|1,102|1,41|"savanna:city:reef:cityscape:hill"|"frigid:hot:superheated:tropical"
510|"Enso Sextant"|4352|5,49|0,748|1,94|"mountain:rocky desert:cave"|"rocky:frigid:arid"
511|"Enso Decimal"|4352|0,77|1,165|0,87|"ice cave:toxic cloudsea:grassy hill:river"|"artificial temperate:frozen:humid:windy"
512|"Aurum Obscura XIII"|7345|7,92|1,111|1,92|"scrubland"|"temperate:arid:artificial temperate"
513|"Ebla Iota"|964|2,74|0,728|1,56|"ice canyon"|"humid:artic:frigid"
514|"Ebla Xi"|964|7,66|1,503|1,72|"rocky island"|"subartic:rocky:frigid:superheated"
515|"Nebulium Si"|2778|NA|1,19|1,36|"bog:forest"|"temperate:frigid"
516|"Nebulium Wu"|2778|3,7|1,052|1,52|"verdant:fungus forest:tundra"|"artificial temperate:tropical:humid:frozen:arid"
517|"Nebulium Qi"|2778|3,44|0,88|1,58|"acid pool"|"tropical:frigid:superheated"
518|"Absolutno Liu"|1145|2,81|0,79|1,53|"valley:urban"|"superheated:artificial temperate:frigid:subartic"
519|"Olympus Anomaly Harpian"|9551|5,11|1,058|1,69|"hill:sinkholes:vine"|"subartic:superheated:tropical:temperate"
520|"Radiara Eta"|683|1,14|1,203|0,98|"plateau:tundra"|"tropical:frozen:frigid"
521|"Albaldah Kappa"|9592|2,36|1,257|1,23|"desert:fungus forest:river:plateau"|"hot:frigid:temperate:subartic"
522|"Sorairo Mirage Echoian"|9851|0,73|1,126|0,87|"rock arche:scrubland:tundra"|"subartic:arid:tropical"
523|"Beid Prime"|5198|9,44|1,292|1,94|"mountain:rocky desert:glacier"|"humid:arid:artificial temperate:artic"
524|"Beid Decimal"|5198|5,78|1,136|1,72|"sea:bog:ash:field:cliff"|"arid:tropical:humid:frigid:frozen:superheated"
525|"Alkes Helios"|2771|1,89|0,995|1,24|"cliff"|"superheated"
526|"Cosmogon Enigma Pi"|6711|2,33|0,737|1,47|"ice cave:hill:urban"|"superheated:frozen"
527|"Cosmogon Enigma Theta"|6711|0,47|1,101|NA|"hill"|"artic:arid"
528|"Cosmogon Enigma Gamma"|6711|1,64|0,828|1,26|"forest:bog:jungle:city:savanna"|"humid:tropical:frigid:temperate:frozen:artic:hot"
529|"Mirzam Epsilon"|3569|5,05|0,65|1,98|"cave:ocean:vine:river:city:jungle:volcano"|"superheated:frozen:temperate:humid:subartic:artificial temperate"
530|"Mirzam Nu"|4043|7,85|1,295|1,82|"plain:rocky desert:cave:bog:lava river"|"arid:frigid:humid:artic"
531|"Sakura Radiance Shi"|6224|5,32|1,076|1,7|"lava river:tundra"|"arid:subartic:rocky:frozen:hot:artic"
532|"Astrobane Hermian"|2617|1,22|1,032|1,06|"plain:desert"|"windy:rocky:arid"
533|"Kawa XII"|8925|1,6|0,704|1,31|"city"|"subartic"
534|"Kawa IV"|8925|7,8|0,814|2,12|"cliff:rocky canyon:reef:sinkholes:forest"|"temperate:superheated:subartic:arid"
535|"Pulsarianix Sigma"|5179|5,2|1,087|1,69|"cave:verdant:grassy hill"|"subartic:artic:windy:rocky:humid"
536|"Starlight Haven Aphroditos"|7577|5,96|0,869|1,9|"cityscape:reef"|"subartic:superheated:temperate:frozen"
537|"Aetherionis Pantheon"|5873|2,05|1,42|1,13|"plain:plateau:jungle:city:island:savanna:verdant"|"hot:artificial temperate:temperate:subartic:frozen"
538|"Aetherionis Gaios"|5873|1,85|1,251|1,14|"island"|"subartic:artic:humid:frigid:windy"
539|"Khambalia Morphean"|7955|3,07|0,695|NA|"rocky island"|"humid:hot"
540|"Mebsuta Er"|7128|6,28|0,98|1,86|"ice canyon:lakes"|"rocky:subartic:temperate:windy"
541|"Mebsuta Wu"|7128|2,94|0,896|1,49|"valley:tundra"|"rocky"
542|"Mebsuta Liu"|7128|4,33|1,012|1,62|"city"|"artic:rocky:subartic"
543|"Acrux Titanos"|7982|4,08|1,417|1,42|"sea"|"windy:frozen:tropical"
544|"Subra Omega"|9675|6,25|0,793|1,99|"river:volcano"|"tropical:artificial temperate:hot:frigid:artic:humid"
545|"Subra Beta"|9675|2,38|1,418|1,19|"lakes:rocky island:acid pool:ocean"|"superheated:windy:artic:artificial temperate"
546|"Phantasma XXI"|5626|2,58|0,881|1,43|"canyons:urban"|"arid:temperate:frozen"
547|"Asahi Horizon Hecatean"|9717|7,43|1,355|1,76|"rocky canyon:bog:urban"|"frigid:frozen:superheated:temperate:humid:artic"
548|"Lyraflux Iota"|9644|5,54|1,026|1,75|"city:cityscape:river:ash"|"hot:rocky:tropical:humid:temperate:artificial temperate"
549|"Pulsar Seraph Vigesimal"|6892|4,18|0,81|1,73|"grassy hill:ice canyon:rocky canyon:bog:savanna"|"humid:hot:frigid:artificial temperate"
550|"Pulsar Seraph Septimal"|6892|6,56|0,757|2,05|"scrubland:mountain"|"arid:temperate:artic:artificial temperate"
551|"Hatysa Tritonian"|6090|6,1|0,703|2,05|"valley"|"artic:frozen:frigid"
552|"Hatysa Gaios"|6090|1,68|0,977|1,2|"rocky island:plain:lava river:city:valley:fungus forest:ice cave:field"|"subartic:humid:arid:rocky:frigid"
553|"Kūkan Cascade Quintal"|161|2,99|0,869|1,51|"lakes:savanna"|"rocky:frozen:frigid"
554|"Kūkan Cascade Vigesimal"|161|1,45|1,335|1,03|"mountain:desert:rocky desert:ash:river:cliff"|"superheated:frozen:hot:windy:subartic"
555|"Musica Eosian"|6503|2,24|0,964|1,32|"rainforest:bog:valley:river:mountain:jungle:desert:ice canyon"|"humid:subartic:superheated:artificial temperate:artic:rocky:frozen"
556|"Ra's Echo Prime"|2960|6,06|0,826|1,94|"reef:city:forest:sea:rainforest"|"hot:humid:artic:rocky"
557|"Rimeblade Centaurios"|2896|9,79|0,873|2,24|"plateau:forest:rocky canyon:mountain:valley"|"humid:temperate:tropical"
558|"Alcyone Shi"|4704|0,71|1,107|0,86|"rock arche"|"subartic"
559|"Alcyone Si"|4704|5,86|1,218|1,69|"rocky canyon:grassland:field:reef:urban:bog"|"frozen:artificial temperate:subartic:temperate"
560|"Lyra Decimal"|9291|1,65|1,54|1,02|"ocean:cliff"|"frigid"
561|"Lyra Septimal"|9291|8,14|0,924|2,07|"vine:ice cave:rocky island:urban:cityscape"|"artic:rocky:frigid:frozen"
562|"Naos Octal"|9333|5,73|0,914|1,84|"verdant:scrubland"|"arid"
563|"Naos Undecimal"|9333|3,3|0,884|1,55|"rocky desert:ice canyon"|"frozen:humid:artic:arid:hot:temperate"
564|"Chamukuy XXI"|1923|8,3|1,28|1,86|"rocky canyon:forest:scrubland:cave"|"arid:rocky:artificial temperate:temperate"
565|"Chamukuy XI"|1923|2,44|1,248|1,25|"ash:glacier:savanna"|"frozen:subartic:frigid:superheated"
566|"Chamukuy VI"|1923|2,59|0,945|1,4|"ice cave:sea"|"windy:superheated:artic:frigid"
567|"Aquilan Cipher VIII"|127|1,88|1,25|1,15|"urban"|"artic:arid:artificial temperate:temperate:humid:rocky"
568|"Aegis Cryptic Undecimal"|3472|4,61|1,023|1,65|"plain:tundra"|"windy:tropical:frigid:temperate"
569|"Aegis Cryptic Decimal"|3472|2,08|1,136|1,22|"rock arche:urban:toxic cloudsea:ice cave"|"artic:artificial temperate:rocky:superheated"
570|"Sansuna Hermesios"|471|1,11|1,174|0,98|"field:mountain"|"tropical"
571|"Sansuna Nemesisian"|471|3,18|0,754|1,62|"glacier:lakes:ice canyon"|"arid:frozen:windy"
572|"Almach Chi"|7938|6,65|1,217|1,76|"city:lakes:fungus forest:valley:grassland:lava river"|"temperate:frozen:hot:subartic:windy:artificial temperate"
573|"Quasar Seraph Hermesios"|2200|5,53|0,89|1,84|"cliff"|"arid:rocky:temperate"
574|"Cerulean Abyss Phi"|2571|6,67|0,824|2,01|"mountain"|"rocky"
575|"Taiyangshou Wu"|8128|0,97|0,832|1,05|"lava river"|"frigid:temperate:tropical:hot:windy"
576|"Taiyangshou Ba"|8128|1,25|1,054|1,06|"ice canyon:mountain:canyons:grassy hill:rock arche"|"artic:artificial temperate:subartic"
577|"Darkonix XII"|8826|1,49|1,055|1,12|"swamp:verdant:lakes:cityscape"|"artificial temperate:humid:artic:superheated"
578|"Heliconian Whispers XVII"|2848|3,11|1,293|1,34|"desert:city"|"windy:superheated:rocky"
579|"Heliconian Whispers XXI"|2848|0,6|0,913|0,87|"urban:plain:toxic cloudsea:tundra:ocean:canyons:hill:forest"|"rocky:humid:superheated:artic:subartic"
580|"Nushagak Athenian"|2842|8,79|0,591|2,46|"rock arche"|"arid"
581|"Nushagak Hecatean"|2842|6,59|1,085|1,82|"cave"|"frigid"
582|"Ronin's Veil San"|5192|2,25|0,742|1,45|"plateau:cliff:canyons:rocky desert"|"artic:hot:humid"
583|"Koi's Whisper Quintal"|7719|6,66|1,208|1,77|"grassland:lakes"|"rocky:artic:temperate:humid"
584|"Setsuna Zeta"|1979|2,64|1,502|1,21|"glacier:vine:ocean:fungus forest:jungle"|"frigid:tropical:superheated:frozen:hot:artificial temperate:rocky"
585|"Setsuna Gamma"|1979|1,41|1,156|1,07|"jungle:vine:cave:mountain:fungus forest"|"humid:subartic:tropical"
586|"Setsuna Sigma"|1979|8,97|0,856|2,19|"lakes:rock arche:island:grassy hill:bog:vine"|"frozen:windy:hot:arid:subartic"
587|"Ascella VIII"|4843|2,64|0,933|1,41|"cliff:rainforest:volcano"|"windy:artic:superheated:rocky"
588|"Ascella XX"|4843|6,22|0,986|1,85|"lakes"|"subartic:hot"
589|"Ascella XXII"|4843|6,44|0,575|2,24|"cave:canyons:reef:ice cave:hill:barren:savanna"|"arid:windy:temperate:superheated:artic:hot:rocky"
590|"Ravenfury Secant"|3662|1,61|1,036|1,16|"volcano:island:hill"|"subartic:superheated:humid"
591|"Sadalbari Jiu"|2560|1,85|0,583|1,47|"lakes:mountain:hill:ocean"|"frozen:tropical:arid"
592|"Sadalbari Liu"|2560|2,31|0,796|1,43|"sea:city"|"subartic:artificial temperate:windy:rocky:artic"
593|"Quantum Gaze Octal"|5105|6,21|1,261|1,7|"grassy hill:canyons:toxic cloudsea:rocky island:ice cave"|"hot:artificial temperate:rocky:humid:artic"
594|"Spectral Threshold VI"|381|6,54|1,04|1,85|"sinkholes:cliff:acid pool:jungle:hill"|"superheated:artificial temperate:tropical:subartic"
595|"Sargas Dionysios"|5091|8,75|1,045|2,03|"island:plateau"|"superheated:humid:windy"
596|"Sargas Hecatean"|5091|8,55|1,143|1,96|"swamp:ice cave"|"tropical:frigid"
597|"Sargas Gaian"|5091|5,99|1,029|1,8|"acid pool"|"rocky:humid:frozen:tropical"
598|"Cosmoflare Jiu"|366|7,63|0,887|2,05|"lakes:scrubland"|"subartic:frozen:arid:tropical:artic"
599|"Cosmoflare Shi"|366|1,17|1,171|1|"fungus forest:savanna:plateau"|"hot:temperate:rocky:tropical:arid"
600|"Astraflux Rho"|6543|5,81|0,874|1,88|"tundra:fungus forest:mountain"|"frozen:hot:tropical"
601|"Kaze Chi"|7794|NA|0,583|1,81|"desert:urban"|"tropical:humid:superheated"
602|"Lesath XIX"|3266|0,94|0,628|1,14|"field:glacier"|"arid:hot:frozen:subartic"
603|"Lesath XXII"|3266|0,51|1,132|0,77|"verdant:toxic cloudsea:mountain:plain:volcano"|"frozen:subartic:rocky:artic:arid"
604|"Stellarnova Quartal"|8778|1,58|0,913|1,2|"fungus forest:island:savanna"|"artificial temperate:artic:subartic:hot"
605|"Dziban Nemesisian"|3570|3,81|1,045|1,54|"rocky desert:grassy hill:forest:mountain:savanna"|"temperate:superheated:subartic:humid:arid"
606|"Aetherionyx Omega"|7931|1,75|0,8|1,3|"mountain:rock arche:island:plateau:jungle:city:rocky island"|"frozen:frigid:tropical:temperate:artic"
607|"Aetherionyx Chi"|7931|7,42|0,647|2,26|"rocky canyon:savanna:grassland:hill:vine"|"tropical:frigid:temperate:humid:windy:subartic"
608|"Ukiyo Reverie X"|2590|4,82|1,382|1,52|"reef"|"frozen:hot"
609|"Kasumi Whisper Sirenios"|2208|7,27|1,115|1,87|"bog:cliff:vine:sea:rock arche:grassy hill:lakes"|"temperate:subartic:artificial temperate:humid:arid"
610|"Nervia Decimal"|9781|2,71|0,79|1,51|"acid pool"|"rocky:humid:superheated:windy"
611|"Nervia Quartal"|9781|5,34|1,273|1,61|"acid pool:jungle:ocean"|"arid:frigid:windy:humid:rocky:temperate:tropical"
612|"Arcanum Flux XXI"|8521|4,77|0,67|1,92|"sea:rocky desert:ocean:urban:grassy hill:lakes:lava river:mountain:savanna"|"subartic:frigid:humid:arid:rocky:temperate:tropical"
613|"Arcanum Flux V"|8521|3,51|0,907|1,57|"mountain:cliff:vine:plateau"|"arid:artificial temperate:rocky:windy"
614|"Arcanum Flux III"|8521|1,02|1,225|0,94|"hill"|"frozen:rocky:subartic:tropical:arid:superheated"
615|"Muphrid Octal"|5570|3,06|1,172|NA|"ice canyon:forest:lakes"|"artic:tropical"
616|"Astromara Gaios"|7788|9,07|1,178|1,97|"desert:mountain:river"|"superheated:subartic:rocky:frigid:temperate"
617|"Astromara Atlasios"|7788|2,21|0,716|1,46|"reef:ocean:tundra:cave:plain:savanna"|"superheated:frigid:artic:frozen"
618|"Astromara Hadean"|7788|5,54|0,93|1,81|"savanna:rock arche:tundra:acid pool:vine"|"arid:subartic:rocky:tropical:hot"
619|"Helionyx Upsilon"|8762|2,47|0,903|1,4|"river"|"windy:temperate:humid:frigid:arid:tropical:frozen"
620|"Helionyx Phi"|8762|1,85|0,76|1,35|"rocky desert:verdant:reef:ocean:lava river:cave"|"windy:arid:subartic:rocky:artificial temperate:temperate"
621|"Morava Nemesisian"|4051|5,37|0,814|1,88|"cave:lava river"|"frozen:superheated:frigid"
622|"Hikari Apollox"|440|2,1|0,988|1,29|"rocky desert:rock arche:valley"|"windy:rocky:subartic:frozen:arid"
623|"Wolfheart Shi"|1389|5,45|1,223|1,65|"cityscape"|"temperate:humid"
624|"Wolfheart Jiu"|1389|1,79|1,044|1,2|"vine"|"superheated:hot:subartic:frigid:temperate:rocky"
625|"Eclipsara Kappa"|8602|1,03|0,995|1,01|"lava river:reef:fungus forest:grassy hill:toxic cloudsea:desert:acid pool:lakes:plain"|"superheated:rocky:artic:humid:tropical:frigid"
626|"Belel Chimeraean"|9526|1,32|0,509|1,37|"verdant:cliff"|"superheated:tropical"
627|"Lunacara XIII"|5001|0,74|1,215|0,85|"rock arche:cave:valley"|"windy:frozen:artic:subartic:rocky:temperate"
628|"Cassionix Cerberian"|2407|3,13|1,211|1,37|"ice canyon:valley:lakes:rock arche:forest"|"hot:frigid:humid"
629|"Bosona Upsilon"|1106|0,86|1,354|0,86|"rocky canyon:lakes:sinkholes:lava river:cliff"|"frozen:tropical:windy:superheated"
630|"Bosona Tau"|1106|8,46|1,417|1,81|"swamp"|"arid:windy:tropical"
631|"Bosona Beta"|1106|4,46|0,833|1,75|"river"|"artic:windy"
632|"Geisha's Whisper IX"|8048|4,88|1,326|1,54|"sinkholes:cave:ice cave"|"superheated:temperate:frigid:humid"
633|"Astral Serenity Wu"|6170|3,23|1,089|1,44|"cave"|"superheated:arid"
634|"Astral Serenity Ba"|9188|2,88|1,068|1,39|"plain:mountain:urban"|"windy:frigid:arid:rocky"
635|"Pherkad Septimal"|728|3,42|1,699|1,26|"mountain:glacier:river:rock arche"|"superheated:windy:artic:frozen"
636|"Horna XIV"|7472|0,84|0,895|0,98|"sea:cave:acid pool:volcano:mountain:grassland:city"|"artificial temperate:frigid:superheated:artic:windy:humid"
637|"Sualocin Athenian"|1959|3,7|0,899|1,6|"volcano"|"windy:superheated:subartic:humid:frigid"
638|"Alshat XVIII"|2377|1,61|0,955|1,19|"reef:mountain:cliff:ice cave"|"subartic:windy:frozen:frigid"
639|"Rōka Tertial"|1256|0,43|1,518|0,66|"city:desert:toxic cloudsea:reef:canyons:lakes:rock arche:cliff"|"frigid:rocky:frozen:artificial temperate:subartic"
640|"Rōka Octal"|1256|7,32|0,627|2,27|"rocky canyon:plateau:cave:acid pool:ice cave:hill"|"arid:windy:subartic:superheated:frozen"
641|"Penumbralix Tertial"|6876|5,59|0,842|1,88|"urban"|"superheated:hot"
642|"Penumbralix Duodecimal"|6876|1,58|1,144|1,11|"glacier:forest:grassy hill:river"|"temperate:subartic:artificial temperate:frozen:artic:humid:rocky"
643|"Penumbralix Secant"|6876|8,74|1,276|1,9|"rainforest:plain:valley:jungle:mountain:scrubland"|"humid:temperate:rocky:arid:subartic:artic"
644|"Yed Prior Octal"|9554|2,39|0,747|1,47|"jungle:acid pool"|"hot:superheated"
645|"Grumium Decimal"|7504|1,81|1,045|1,2|"cityscape"|"windy:tropical:superheated:rocky"
646|"Grumium Tertial"|7504|5,4|0,934|1,79|"forest:plain"|"artificial temperate"
647|"Sheratan Hermesios"|2024|8,83|1,519|1,8|"cityscape:rocky island"|"artic:humid:artificial temperate"
648|"Solstara Undecimal"|22|6,95|1,144|1,82|"jungle"|"tropical:superheated"
649|"Solstara Nonal"|22|6,7|0,823|2,01|"rainforest:tundra:plateau:grassy hill:forest:ice cave:mountain"|"humid:frigid:frozen:superheated:temperate"
650|"Cosmaronix Pantheon"|2316|0,9|0,782|1,05|"ice canyon"|"humid:subartic:frozen:windy"
651|"Rosaliadecastro Delta"|6345|2,98|1,065|1,41|"bog:island"|"arid:superheated:humid"
652|"Cosmaraud IV"|1491|6,66|1,073|1,84|"ocean"|"artic:humid"
653|"Cosmaraud VIII"|1491|1,29|1,23|1,02|"lakes:tundra:ash:forest"|"subartic:superheated:rocky"
654|"Cosmic Shadows Nyxios"|8712|2,31|0,966|1,34|"ash:jungle:swamp:rock arche:tundra:lakes"|"humid:hot:temperate:frigid"
655|"Copernicus V"|4305|1,07|0,285|1,55|"ice cave:rocky canyon:ash:ocean:tundra:mountain:valley:island"|"hot:tropical:temperate:subartic:artic:superheated:humid"
656|"Copernicus II"|4305|8,41|0,998|2,04|"city"|"arid"
657|"Tesserara VI"|1743|3,45|0,634|1,76|"rocky desert:ocean:plain"|"arid:artificial temperate:hot:frozen:superheated:humid"
658|"Tesserara XVII"|1743|NA|0,722|1,46|"sea:rock arche:grassy hill:fungus forest:ice canyon"|"windy:frigid:frozen:artificial temperate:hot:rocky"
659|"Tesserara XXII"|1743|1,83|1,059|1,2|"ice cave"|"subartic:temperate:arid:hot"
660|"Nebulous Silence Titanos"|2511|2,64|0,93|1,42|"grassland:urban:cave:tundra"|"windy:temperate:subartic:artificial temperate"
661|"Torcular Epsilon"|8332|7,28|1,244|1,8|"cityscape:verdant:grassland"|"artificial temperate:temperate:rocky"
662|"Torcular Sigma"|8332|6,19|1,009|1,83|"plain:reef:mountain:savanna"|"frozen:superheated:temperate:tropical:subartic"
663|"Torcular Chi"|8332|6,77|1,306|1,73|"plain:city:acid pool"|"windy:artificial temperate:frozen:superheated:humid"
664|"Zubeneschamali Kappa"|9005|1,38|1,165|1,06|"island:ocean:ash:rocky island:cityscape:plain"|"humid:tropical:superheated:artificial temperate:arid:temperate"
665|"Yugen Duodecimal"|821|7,07|1,056|1,88|"grassland:rock arche:vine:savanna:sinkholes:urban:jungle"|"rocky:windy:frigid:humid:hot:artificial temperate:temperate"
666|"Yugen Tertial"|821|1,43|1,254|1,04|"bog:urban:reef"|"rocky:subartic:temperate:frozen:artificial temperate"
667|"Canopus Liu"|679|3,93|1,039|1,56|"cliff"|"subartic:hot:temperate:humid"
668|"Canopus Qi"|679|4,1|1,075|1,56|"mountain"|"frigid"
669|"Canopus Yi"|2299|6,03|0,941|1,86|"urban:field:island:sea:valley"|"temperate:tropical:hot:artificial temperate:superheated"
670|"Ma'at's Silence Morphean"|4156|2,3|0,871|1,38|"island:grassy hill:hill"|"superheated:arid:artic:humid"
671|"Situla XVIII"|4431|6,88|1,063|1,86|"cave:rocky island:glacier:ocean:rainforest:vine:savanna:cityscape:toxic cloudsea:mountain"|"temperate:rocky:humid:frozen:artificial temperate:hot:artic"
672|"Geisha's Mirage Si"|3483|3,2|1,088|1,43|"lakes"|"tropical:windy"
673|"Geisha's Mirage Wu"|3483|3,17|1,248|1,36|"cityscape:city:bog:grassy hill:rocky island"|"superheated:tropical:humid"
674|"Wasat Omicron"|7630|7|1,157|1,82|"lava river:hill:rock arche"|"subartic:temperate:superheated"
675|"Wasat Phi"|7630|1,28|0,876|1,13|"toxic cloudsea:glacier:mountain:island"|"artic:superheated:hot"
676|"Sekhmet's Mirage VIII"|8355|4,79|1,098|1,63|"acid pool:urban:glacier:desert:rainforest:rocky desert"|"subartic:rocky:windy:arid:artificial temperate:humid"
677|"Sekhmet's Mirage II"|8355|8,35|1,25|1,88|"urban:lakes:swamp"|"arid:artificial temperate:rocky:humid:tropical"
678|"Sekhmet's Mirage X"|8355|6,47|1,097|1,81|"plateau:river:toxic cloudsea:savanna:desert:field"|"artic:frozen:windy:humid:subartic:arid"
679|"Amansinaya XVII"|7832|1,25|0,576|1,29|"reef:rocky island:river"|"frigid:rocky"
680|"Ronin's Horizon Orphean"|6558|0,81|1,015|0,93|"glacier:plateau"|"artic:frozen"
681|"Ronin's Horizon Pegasusian"|6558|1,44|0,998|1,13|"city"|"temperate:artic:arid:humid"
682|"Whalecaller Jiu"|178|1,92|1,211|1,17|"urban"|"frozen:tropical:subartic"
683|"Homam Delta"|3607|3,39|1,088|1,46|"ice canyon:verdant:swamp:bog:sinkholes:fungus forest"|"superheated:humid:rocky:subartic:windy"
684|"Homam Pi"|3607|2,27|1,613|1,12|"plateau"|"artificial temperate:hot:rocky"
685|"Homam Tau"|3607|6,16|0,97|1,85|"jungle:jungle"|"subartic:hot:artificial temperate:frigid"
686|"Zephyrion Liu"|17|6,83|0,849|2|"rocky island:desert:jungle:urban"|"artificial temperate:tropical:arid:superheated"
687|"Zephyrion San"|17|5,8|1,083|1,75|"tundra:ash:valley:urban"|"windy:superheated:frozen:subartic:frigid"
688|"Zephyrion Ba"|17|5,75|0,976|NA|"tundra:cave:grassland:savanna:cliff:rainforest:forest:rocky desert:toxic cloudsea:rock arche"|"superheated:subartic:temperate:frigid:artificial temperate:artic:humid"
689|"Auroraflame XI"|1048|1,78|0,832|1,29|"jungle:field"|"artificial temperate:frozen:rocky:superheated:subartic"
690|"Markab Psi"|9517|7,32|0,885|2,02|"plain:lava river:cliff:ash:lakes:glacier"|"temperate:frigid:tropical:subartic:hot:frozen"
691|"Markab Chi"|9517|3,52|1,234|1,42|"mountain"|"superheated:tropical"
692|"Stellarastra Quintal"|1453|6,65|0,679|2,14|"city"|"artic"
693|"Stellarastra Sextant"|1453|7,88|1,364|1,79|"urban:ice cave:ash:jungle:plateau:island"|"superheated:frigid:artic:tropical"
694|"Stellarastra Nonal"|1453|1,91|0,931|1,27|"canyons:valley:field"|"temperate:humid:artic"
695|"Nenque Qi"|4795|0,73|1,39|0,81|"barren:swamp:rainforest:cave:reef:tundra"|"superheated:rocky:hot:humid:tropical:artificial temperate:arid"
696|"Nenque Liu"|4795|3,12|0,817|1,56|"reef"|"hot"
697|"Yozora Ba"|522|5,4|0,923|1,8|"bog"|"humid"
698|"Nefertiti's Beacon Morphean"|8398|5,54|0,654|2,04|"island:desert:grassy hill"|"temperate:superheated:artic"
699|"Nefertiti's Beacon Nymphios"|8398|3,07|0,953|1,48|"ice canyon:lakes:bog:acid pool:rock arche"|"superheated:frigid:windy:hot:artificial temperate"
700|"Mjoltr Demetrian"|5506|1,26|1,143|1,03|"cave:field:desert:valley:lava river:city:glacier:bog"|"humid:subartic:windy:superheated:artificial temperate:temperate"
701|"Eclipsix Faunios"|5980|7,68|0,571|2,38|"hill:urban"|"tropical"
702|"Eclipsix Gaian"|5980|1,7|0,788|1,29|"cityscape:valley:reef"|"artificial temperate:tropical"
703|"Rigil Kentaurus Persephonian"|3378|0,49|1,203|0,74|"jungle:canyons:fungus forest"|"hot:artic"
704|"Edasich XXIV"|7429|1,38|1,006|1,11|"ocean:reef"|"tropical:artificial temperate"
705|"Edasich XV"|7429|0,79|1,559|0,8|"ocean:rocky canyon:rocky island:sea"|"temperate:frozen:tropical"
706|"Edasich XII"|7429|3,66|0,524|1,91|"sea:vine"|"temperate:arid:windy"
707|"Atakoraka Liu"|3000|5,91|1,113|1,74|"grassland:cliff:lakes:mountain:city:canyons"|"artificial temperate:artic:hot:temperate"
708|"Atakoraka Jiu"|3000|1,8|1,041|NA|"bog"|"artic:humid"
709|"Atakoraka Wu"|3000|5,83|0,889|1,87|"cityscape:acid pool"|"humid"
710|"Hoshizora Atlasios"|7936|2,44|0,672|1,54|"mountain"|"artic:frigid:rocky:windy:subartic"
711|"Seishin Zeta"|2862|7,97|1,37|1,8|"canyons:reef"|"temperate:hot"
712|"Sagarmatha Omicron"|1183|5,89|0,845|1,91|"reef:tundra:canyons:acid pool"|"hot:frozen:artic:frigid"
713|"Sagarmatha Beta"|1183|7,1|1,092|1,87|"lakes:vine:ocean:cliff:ice cave"|"windy:hot:artic:rocky:artificial temperate"
714|"Sagarmatha Xi"|1183|2,82|0,497|NA|"rocky desert:lava river:cityscape:rocky canyon:vine"|"arid:subartic:superheated"
715|"Syrma IV"|4158|1,72|1,244|1,11|"acid pool:desert:vine:plain"|"windy:subartic:frigid:frozen:rocky"
716|"Tonatiuh Ba"|2575|0,73|1,023|0,89|"river:cliff:mountain:tundra:ice cave:field:forest:volcano"|"humid:arid:windy:hot:artic:superheated"
717|"Alpherg Astraeos"|3587|1,69|0,901|1,23|"savanna:fungus forest:verdant:jungle:acid pool"|"superheated:hot:artic:subartic:windy"
718|"Citadelle XX"|8825|7,19|0,867|2,02|"mountain:vine:acid pool:lava river:verdant:plain"|"rocky:tropical:humid:subartic:superheated:temperate"
719|"Ronin's Enigma IX"|820|0,84|1,525|0,82|"rainforest:forest:bog:ocean:urban"|"frigid:humid:temperate:subartic"
720|"Ronin's Enigma III"|820|6,66|0,741|2,08|"rocky desert:plain:fungus forest:island:cave"|"artic:humid:superheated:frozen"
721|"Ronin's Enigma XXII"|820|8,29|1,342|NA|"savanna:city:reef:grassland:fungus forest:barren:verdant"|"subartic:arid:temperate:artificial temperate:humid"
722|"Hassaleh Tertial"|5236|6,75|0,539|2,32|"jungle"|"windy:frigid:tropical"
723|"Hassaleh Secant"|5236|2,28|0,444|1,73|"mountain:bog:field:ice cave:vine:verdant"|"windy:subartic:frozen:frigid:hot"
724|"Hassaleh Quintal"|5236|6,26|1,302|1,69|"ice cave:mountain:cliff:valley:tundra:acid pool:fungus forest"|"humid:superheated:artic:temperate:frigid:windy"
725|"Quanticara Orphean"|7611|6,13|1,339|1,66|"river:grassland:savanna:plain"|"hot:frozen:artic:temperate"
726|"Cosmic Whispers Er"|6481|5,61|0,726|1,98|"lakes:acid pool:plain"|"arid:hot"
727|"Cosmic Whispers San"|6481|3,53|1,326|1,39|"glacier:rocky canyon:ice canyon"|"frigid:frozen:hot:temperate:artificial temperate:arid"
728|"Frostbinder Sigma"|1485|4,17|0,851|1,7|"field:rock arche:savanna:acid pool:desert:cityscape"|"rocky:frozen:humid:temperate"
729|"Hanabi V"|532|7,51|0,954|1,99|"scrubland:river:grassy hill:vine:plain:lava river"|"rocky:arid:superheated:artificial temperate"
730|"Hanabi XIV"|532|7,07|0,812|2,06|"rocky canyon:canyons:plain:rock arche:rocky desert"|"windy:rocky:arid:artificial temperate"
731|"Theemin Octal"|934|1,77|1,186|1,14|"rock arche:grassy hill:cityscape:ice cave:jungle:river"|"tropical:temperate:windy:subartic:artificial temperate:humid"
732|"Fulu Oranos"|1862|0,98|0,991|1|"jungle:lava river"|"humid:frozen:hot:arid"
733|"Fulu Eosian"|1862|1,44|0,683|1,28|"sea:plateau:plain"|"artificial temperate:hot:windy:subartic:temperate"
734|"Fulu Herculean"|1862|1,16|1,014|1,05|"swamp:sea"|"artic:tropical:arid"
735|"Kagayaki Kappa"|9366|4,51|0,906|1,71|"forest:acid pool"|"windy:artificial temperate:temperate:tropical:humid"
736|"Kōri XVIII"|4293|4,73|1,032|1,66|"cave"|"frigid:windy"
737|"Kōri XII"|4293|6,66|1,551|1,63|"field:rainforest:ice canyon:ice cave:bog:sea:toxic cloudsea:plateau"|"subartic:frozen:tropical:artificial temperate:humid"
738|"Kōri VI"|4293|0,91|0,811|1,04|"forest:cliff:island:scrubland"|"rocky:arid:artificial temperate:superheated:hot"
739|"Acrab Si"|4901|1,83|1,269|1,13|"reef:sea:savanna"|"frozen:rocky:arid:frigid"
740|"Acrab Liu"|4901|2,31|1,099|1,28|"fungus forest:plain:volcano:ash:tundra:hill:glacier:bog:barren"|"humid:frozen:tropical:temperate:windy:arid:hot"
741|"Quanticus XXI"|8043|1|0,882|1,04|"tundra:grassy hill"|"rocky:frozen:subartic:superheated:humid"
742|"Cleopatra's Resonance Hermian"|1632|2,39|1,018|1,33|"grassy hill:reef:rocky desert:ocean:jungle"|"arid:humid:tropical"
743|"Helian Nebula Psi"|7937|2,91|0,826|1,52|"cliff:canyons:fungus forest"|"rocky:humid:temperate"
744|"Dubhe XI"|9226|0,89|1,105|0,93|"island:cliff:desert:lakes:fungus forest"|"subartic:humid:temperate:rocky:arid"
745|"Bellatrix Poseidian"|9008|8,3|0,899|2,1|"ocean:desert:lava river:volcano"|"humid:temperate:tropical:superheated"
746|"Secunda Hyadum Jiu"|2317|9,26|0,9|2,17|"rocky canyon:bog:swamp:toxic cloudsea:plain:cityscape:urban:canyons:cave"|"hot:frozen:tropical:artificial temperate:frigid:subartic"
747|"Secunda Hyadum Yi"|2317|1,99|0,985|1,26|"sinkholes:urban:lakes:city:plateau"|"hot:arid:tropical:frigid"
748|"Secunda Hyadum Shi"|2317|2,72|1,137|1,34|"rocky desert:verdant:grassy hill:ocean:sea"|"temperate:frozen:windy:tropical"
749|"Nebuloria Quartal"|9658|1,47|1,381|1,02|"acid pool:toxic cloudsea:sinkholes:sea"|"artificial temperate:artic:windy:hot"
750|"Galactrix Er"|4260|6,68|0,799|2,03|"savanna:field:vine:city:swamp:cityscape:desert:toxic cloudsea"|"subartic:frigid:artic:superheated:humid"
751|"Phact Atlasios"|6159|7,48|0,768|2,14|"volcano:mountain:glacier:canyons:jungle"|"windy:artic:frozen:superheated"
752|"Adhil Vigesimal"|6173|2,16|0,941|1,32|"city:field:urban:fungus forest:savanna:cave"|"humid:artic:rocky:arid:temperate"
753|"Bunda XIX"|5663|5,42|1,206|1,65|"sinkholes"|"windy:superheated:humid"
754|"Marsic Eta"|4725|7,71|0,87|2,07|"lava river:mountain:rainforest"|"windy:humid:artic:frozen:arid"
755|"Marsic Zeta"|4725|2,56|0,933|1,4|"rocky desert:island:grassland:cave:jungle:plain:glacier"|"frozen:hot:humid:subartic:frigid"
756|"Algorab Er"|1322|2,02|0,752|1,39|"lava river:hill"|"artic:subartic:arid"
757|"Gloas V"|3856|8,15|0,745|2,22|"field:reef"|"artic:hot:tropical:rocky"
758|"Gloas XV"|3856|1,73|1,123|1,15|"hill"|"subartic:humid"
759|"Gloas XI"|3856|1,07|1,044|1,01|"savanna:rocky desert:urban:mountain:rainforest"|"humid:arid:tropical:superheated"
760|"Nebula Whisper Zeta"|145|NA|0,982|1,28|"ice cave"|"subartic:artic:artificial temperate:frigid"
761|"Nebula Whisper Tau"|145|2,16|0,936|1,32|"verdant:lakes:forest:valley"|"windy:rocky:subartic:artic"
762|"Guniibuu Delta"|8537|8,51|0,944|2,08|"cityscape:ice cave"|"frozen:artic:hot:frigid"
763|"Guniibuu Omicron"|8537|1,21|0,94|1,09|"ice cave:ice canyon:vine"|"artificial temperate:frigid:tropical"
764|"Horus' Gaze XXI"|1002|5|0,965|1,73|"sea:reef:island"|"arid:windy:humid:temperate"
765|"Taygeta Hermesios"|102|0,43|0,934|0,77|"canyons:rocky island"|"artificial temperate:windy"
766|"Haruka Echoes Iota"|8635|0,35|0,878|0,74|"ice canyon:sea:grassy hill:rocky island:glacier:plain:ice cave"|"tropical:frigid:superheated:artificial temperate:hot"
767|"Nyxian Whispers Xi"|336|NA|1,03|1,12|"canyons"|"rocky:hot:frozen:subartic"
768|"Nyxian Whispers Pi"|336|8,02|0,992|2,01|"cliff"|"subartic:windy"
769|"Abyssal Echo Delta"|3289|1,02|1,313|0,92|"urban"|"tropical:subartic:rocky:windy"
770|"Deneb Sirenios"|7036|1,47|1,211|1,07|"canyons"|"artificial temperate:windy:frozen:subartic:superheated"
771|"Athebyne Yi"|3823|1,68|1,298|1,09|"savanna"|"tropical:subartic:hot:superheated"
772|"Athebyne Liu"|3823|1,16|1,279|0,97|"mountain:toxic cloudsea:lava river"|"frigid:artic:arid"
773|"Ebon Depths Tritonian"|8209|3,17|0,926|1,51|"field:savanna:reef:canyons:hill"|"rocky:subartic:tropical"
774|"Hoggar Sextant"|1281|9,01|1,001|NA|"mountain:barren:valley:desert:glacier"|"arid:artic:frigid"
775|"Hoggar Septimal"|1281|7,54|1,154|1,87|"reef:verdant:cave"|"frigid:frozen:subartic"
776|"Alcor X"|5798|1,35|0,944|1,13|"river:cave:sea"|"humid:hot:windy"
777|"Alcor XIII"|5798|0,36|1,032|0,7|"glacier:cityscape:rocky canyon:forest:ash:valley:bog"|"hot:artic:superheated:windy:frigid:temperate"
778|"Zibal Chi"|6475|6,22|1,102|1,78|"reef:forest:vine:toxic cloudsea:canyons"|"frozen:tropical:rocky:artic"
779|"Násti Kappa"|2654|3,48|1,171|1,44|"urban:forest:city"|"superheated:arid:humid:frozen:frigid"
780|"Wezen Dionian"|2957|1,48|0,917|1,17|"cityscape:desert:tundra"|"frozen:arid:artic:hot"
781|"Chasoň Zeta"|4159|4,56|0,907|1,71|"ice canyon:cliff"|"humid:artic:temperate:tropical"
782|"Stardrake Sextant"|4969|1,86|0,661|1,41|"verdant:hill"|"frigid:windy:subartic"
783|"Stardrake Vigesimal"|4969|5,47|0,811|1,89|"river:tundra"|"windy:frigid:hot"
784|"Stardrake Prime"|4969|1,92|0,989|1,25|"fungus forest:acid pool:field:jungle"|"frigid:artificial temperate:hot"
785|"Moriah Omicron"|8749|7,41|0,715|2,18|"grassland:ice canyon:city"|"arid:humid:subartic"
786|"Lerna Morphean"|1326|5,37|1,072|1,71|"city:mountain:jungle:vine:plain"|"rocky:frozen:subartic:arid:superheated"
787|"Lerna Cerberian"|1326|2,55|0,991|1,37|"rocky island:canyons:cityscape:toxic cloudsea"|"arid:subartic:rocky:artic"
788|"Sabik Artemian"|3192|3,51|1,105|1,47|"tundra:island:reef:valley"|"subartic:temperate:rocky"
789|"Shogun's Resonance Tertial"|6530|1,38|1,013|1,11|"grassy hill:ocean:forest"|"tropical:subartic:hot:frigid"
790|"Shogun's Resonance Decimal"|6530|6,03|1,041|1,8|"tundra:plain:island:bog:city:valley"|"temperate:subartic:artic:tropical"
791|"Shogun's Resonance Vigesimal"|6530|2,48|0,821|1,45|"lava river:urban:cave:hill:volcano"|"frozen:hot:artic:superheated:temperate"
792|"Yoru Ascendance Tau"|3305|2,81|0,646|1,63|"jungle:rocky canyon:tundra:city"|"arid:artic:artificial temperate:tropical"
793|"Obsidian Threshold XXI"|5522|2,91|1,33|1,3|"bog:rainforest:rocky desert:island:mountain"|"subartic:artic:humid:frozen"
794|"Obsidian Threshold XIII"|5522|5,56|1,06|1,74|"ice cave"|"frozen:humid:artificial temperate:hot:subartic"
795|"Obsidian Threshold XXIII"|5522|1,71|0,927|1,23|"lakes:plain:sea:canyons:field:hill"|"rocky:subartic:tropical:artificial temperate"
796|"Pleione Eta"|9416|3,35|1,242|1,39|"rainforest:ash:field"|"humid:windy:hot:tropical:artificial temperate"
797|"Skyforged Vigesimal"|8169|1,67|1,027|1,18|"canyons:rainforest:river:sinkholes"|"frozen:humid:rocky:artic:superheated:artificial temperate:arid"
798|"Ainalrami Sigma"|2254|2,77|0,975|1,42|"verdant:savanna:cave:tundra"|"temperate:arid:frozen"
799|"Achernar Decimal"|9466|2,71|0,414|1,87|"fungus forest:mountain:plain:river:rocky desert"|"subartic:artificial temperate:temperate:frozen:artic:tropical:windy"
800|"Astral Mirage XVI"|2248|2,4|0,88|1,4|"sinkholes:tundra:reef"|"rocky:tropical:windy:superheated:artic"
801|"Astral Mirage XXII"|2248|3,99|1,174|1,5|"canyons:glacier"|"temperate:subartic:tropical:artic:superheated"
802|"Astral Mirage XXIII"|2248|3,56|0,883|1,59|"city:rainforest:jungle:glacier"|"arid:windy:frozen:humid"
803|"Cosmic Enigma Typhonian"|9550|0,65|0,817|0,93|"mountain"|"subartic:frozen"
804|"Cosmic Enigma Oranos"|9550|NA|0,909|1,36|"cave:plain:rocky desert"|"artificial temperate:frozen"
805|"Cosmic Enigma Persephonian"|9550|5,6|0,858|1,87|"rocky island:barren"|"artificial temperate:windy:arid:subartic:humid"
806|"Tsukiyo Quintal"|2457|6,24|0,441|2,42|"reef:grassland:tundra"|"temperate:rocky:windy:artificial temperate:artic:superheated"
807|"Shama Apollox"|6308|0,86|1,178|0,9|"desert:grassland:rock arche:lava river"|"windy:artificial temperate:superheated:humid:artic"
808|"Mouhoun II"|8315|8,51|1,187|1,93|"sinkholes:ice canyon:ocean:ice cave:volcano"|"frozen:superheated:hot:subartic:humid"
809|"Algol Xi"|3299|4,6|1,224|1,55|"cave:forest:canyons:mountain:ice canyon:grassy hill"|"windy:frozen:subartic:superheated:temperate"
810|"Siriusith Eta"|4757|2,17|1,016|1,29|"grassy hill:cave:sinkholes:valley"|"frigid:hot:rocky"
811|"Siriusith Omicron"|4757|5,24|1,172|1,65|"field"|"tropical:frozen:artic:arid:artificial temperate:superheated"
812|"Nebulithium IX"|1494|NA|0,883|2,05|"ice canyon:vine:savanna:bog:jungle:swamp:cliff:volcano"|"arid:subartic:artificial temperate:humid:artic"
813|"Nebulithium II"|1494|4,35|0,925|1,68|"jungle:desert:fungus forest:ash"|"temperate:subartic:humid:hot:artic:frozen:windy"
814|"Nebulithium XXII"|1494|0,76|0,534|1,12|"jungle"|"arid:temperate:subartic:humid:frozen:tropical:rocky"
815|"Aurora Phantasm Echoian"|3438|1,35|0,751|1,22|"ash:tundra:rocky island"|"superheated:tropical:humid:hot:frigid:artic"
816|"Lunarisol Omega"|3768|1,75|1,263|1,11|"verdant:rocky desert:vine:acid pool:island"|"frozen:subartic:rocky:arid:tropical:artic"
817|"Lunarisol Tau"|3768|2,51|1,169|1,29|"rocky canyon:savanna:hill"|"temperate:hot:humid"
818|"Lunarisol Nu"|3768|3,55|0,945|1,55|"tundra:ash:bog"|"rocky:windy:frigid:hot"
819|"Orion's Elegance Qi"|5305|3,22|1,451|1,3|"scrubland"|"tropical:frigid:humid:temperate:arid"
820|"Orion's Elegance Jiu"|5305|NA|0,945|1,14|"verdant:savanna:glacier:rocky canyon:river:rock arche"|"frigid:rocky:artic:humid:windy:artificial temperate:tropical"
821|"Orion's Elegance Ba"|5305|3,03|0,908|1,49|"bog"|"temperate:humid:subartic:windy"
822|"Kang Faunios"|1381|6,49|1,066|1,83|"field:sea:reef:tundra:ash:plateau:volcano:ice cave:rainforest"|"hot:tropical:frigid:artificial temperate:frozen:superheated"
823|"Hikari Gaze Vigesimal"|738|1,06|1,655|0,86|"ash:rock arche:bog:desert:field:mountain:rocky island:cliff"|"hot:temperate:humid:tropical:subartic"
824|"Hikari Gaze Secant"|738|1,52|1,26|1,06|"hill:island:rock arche"|"frigid:frozen"
825|"Nosaxa Ba"|9489|7,47|1,076|1,91|"grassy hill:tundra"|"rocky:temperate"
826|"Luminastra Delta"|2643|4,72|1,034|1,66|"scrubland:river:urban:reef:valley:tundra"|"rocky:tropical:arid:artic:frozen:artificial temperate:subartic"
827|"Sylvari XXI"|5753|4,92|0,86|1,79|"savanna:field:lakes:sinkholes:valley:jungle"|"frigid:artificial temperate:humid:hot:windy:artic"
828|"Sylvari XXIV"|5753|3,59|0,893|1,59|"toxic cloudsea"|"artic:windy:rocky:superheated:hot"
829|"Ashlesha Nu"|4994|7,27|1,168|1,84|"lakes:cliff:sea:bog"|"superheated:windy:artic:temperate"
830|"Kōri Resonance II"|8408|1,58|0,281|1,78|"canyons:rocky canyon"|"rocky:artificial temperate"
831|"Kōri Resonance XX"|8408|3,01|0,783|1,57|"ocean:lava river:jungle"|"humid:hot"
832|"Kōri Resonance III"|8408|2,54|1,189|1,29|"mountain:desert:rainforest"|"humid:rocky:windy"
833|"Lunar Quasar Apollox"|2793|1,34|1,39|0,99|"bog"|"windy:frigid:frozen:temperate"
834|"Lunar Quasar Persephonian"|2793|NA|1,111|1,83|"toxic cloudsea"|"humid:windy:artic:subartic"
835|"Lunar Quasar Artemian"|2793|6,46|0,829|1,98|"glacier"|"artic:humid:artificial temperate:tropical"
836|"Cosmic Elegance II"|1134|4,75|1,144|1,61|"ice canyon"|"frozen"
837|"Cosmic Elegance XVII"|1134|4,4|1,054|1,61|"sea:city"|"windy:temperate:tropical"
838|"Cosmic Elegance VIII"|1134|4,18|0,688|1,82|"jungle"|"windy:frozen:tropical:temperate:rocky"
839|"Ankaa IV"|422|1,95|1,568|1,08|"fungus forest:mountain"|"tropical:temperate"
840|"Ankaa XIX"|422|3,85|1,206|1,47|"sea:vine:rocky desert:cliff"|"rocky:hot:artificial temperate:frozen"
841|"Ankaa IX"|422|5,05|1,17|1,63|"rainforest"|"humid:windy"
842|"Ecliptara Shi"|3156|5,32|0,56|2,12|"vine:rock arche:tundra"|"windy:artic:subartic:artificial temperate:superheated:rocky"
843|"Ecliptara Er"|3156|1,85|1,114|1,18|"field:urban:rock arche"|"artificial temperate:rocky:superheated"
844|"Merga Nu"|5258|6,09|1,211|1,71|"cliff:grassland:hill:jungle"|"artic:humid:frozen"
845|"Amaterasu Dionysios"|263|7,04|1,192|1,81|"verdant:lava river:lakes:ice canyon:valley:vine:river:sinkholes:island:cityscape:ocean"|"humid:superheated:subartic:artic:artificial temperate:arid:tropical"
846|"Márohu Omicron"|9050|5,11|1,489|1,51|"mountain:cityscape"|"artic:rocky"
847|"Ryusei Radiance Irisian"|3554|1,73|1,253|1,11|"reef:urban:grassland:bog"|"subartic:temperate:hot:tropical"
848|"Ryusei Radiance Chimeraean"|3554|0,7|0,655|1,02|"field:river"|"tropical:temperate:windy"
849|"Ryusei Radiance Herculean"|3554|1,74|0,785|1,3|"plateau:island:verdant:plain:tundra:mountain:grassy hill"|"subartic:temperate:humid:artificial temperate:rocky"
850|"Nebulonix Sextant"|5339|3|0,773|1,57|"savanna:cliff:reef:rocky desert:rainforest:vine"|"rocky:artic:subartic:frozen:temperate:humid"
851|"Nebulonix Secant"|5339|1,88|0,736|1,37|"grassy hill:fungus forest"|"artificial temperate:humid:frigid:temperate"
